1,-25.121728,171.586769,"[OrderedDict([('lat', '-22.66667'), ('lon', '167.48333'), ('name', 'Vao'), ('admin1', ''), ('admin2', ''), ('cc', 'NC')])]"
2,-25.637547,172.080127,"[OrderedDict([('lat', '-29.05459'), ('lon', '167.96628'), ('name', 'Kingston'), ('admin1', ''), ('admin2', ''), ('cc', 'NF')])]"
3,-26.151357,172.578144,"[OrderedDict([('lat', '-29.05459'), ('lon', '167.96628'), ('name', 'Kingston'), ('admin1', ''), ('admin2', ''), ('cc', 'NF')])]"
4,-26.663091,173.080969,"[OrderedDict([('lat', '-29.05459'), ('lon', '167.96628'), ('name', 'Kingston'), ('admin1', ''), ('admin2', ''), ('cc', 'NF')])]"
5,-27.172685,173.588725,"[OrderedDict([('lat', '-29.05459'), ('lon', '167.96628'), ('name', 'Kingston'), ('admin1', ''), ('admin2', ''), ('cc', 'NF')])]"
6,-27.726087,174.148418,"[OrderedDict([('lat', '-29.05459'), ('lon', '167.96628'), ('name', 'Kingston'), ('admin1', ''), ('admin2', ''), ('cc', 'NF')])]"
7,-28.23099,174.666925,"[OrderedDict([('lat', '-29.05459'), ('lon', '167.96628'), ('name', 'Kingston'), ('admin1', ''), ('admin2', ''), ('cc', 'NF')])]"
8,-28.73354,175.190773,"[OrderedDict([('lat', '-34.99604'), ('lon', '173.46665'), ('name', 'Taipa'), ('admin1', 'Northland'), ('admin2', 'Far North District'), ('cc', 'NZ')])]"
9,-29.233664,175.720113,"[OrderedDict([('lat', '-34.99604'), ('lon', '173.46665'), ('name', 'Taipa'), ('admin1', 'Northland'), ('admin2', 'Far North District'), ('cc', 'NZ')])]"
10,-29.731288,176.255094,"[OrderedDict([('lat', '-35.28067'), ('lon', '174.09103'), ('name', 'Paihia'), ('admin1', 'Northland'), ('admin2', 'Far North District'), ('cc', 'NZ')])]"
11,-30.22634,176.79584,"[OrderedDict([('lat', '-35.28067'), ('lon', '174.09103'), ('name', 'Paihia'), ('admin1', 'Northland'), ('admin2', 'Far North District'), ('cc', 'NZ')])]"
12,-30.718738,177.342501,"[OrderedDict([('lat', '-35.28067'), ('lon', '174.09103'), ('name', 'Paihia'), ('admin1', 'Northland'), ('admin2', 'Far North District'), ('cc', 'NZ')])]"
13,-31.208401,177.895241,"[OrderedDict([('lat', '-35.61667'), ('lon', '174.5'), ('name', 'Ngunguru'), ('admin1', 'Northland'), ('admin2', 'Whangarei'), ('cc', 'NZ')])]"
14,-31.695254,178.454183,"[OrderedDict([('lat', '-35.61667'), ('lon', '174.5'), ('name', 'Ngunguru'), ('admin1', 'Northland'), ('admin2', 'Whangarei'), ('cc', 'NZ')])]"
15,-32.179207,179.019477,"[OrderedDict([('lat', '-35.61667'), ('lon', '174.5'), ('name', 'Ngunguru'), ('admin1', 'Northland'), ('admin2', 'Whangarei'), ('cc', 'NZ')])]"
16,-32.660175,179.591286,"[OrderedDict([('lat', '-36.83333'), ('lon', '175.7'), ('name', 'Whitianga'), ('admin1', 'Waikato'), ('admin2', 'Thames-Coromandel District'), ('cc', 'NZ')])]"
17,-33.094753,-179.883113,"[OrderedDict([('lat', '-43.95353'), ('lon', '-176.55973'), ('name', 'Waitangi'), ('admin1', 'Chatham Islands'), ('admin2', ''), ('cc', 'NZ')])]"
18,-33.569779,-179.298449,"[OrderedDict([('lat', '-43.95353'), ('lon', '-176.55973'), ('name', 'Waitangi'), ('admin1', 'Chatham Islands'), ('admin2', ''), ('cc', 'NZ')])]"
19,-34.041557,-178.706845,"[OrderedDict([('lat', '-43.95353'), ('lon', '-176.55973'), ('name', 'Waitangi'), ('admin1', 'Chatham Islands'), ('admin2', ''), ('cc', 'NZ')])]"
20,-34.509995,-178.108125,"[OrderedDict([('lat', '-43.95353'), ('lon', '-176.55973'), ('name', 'Waitangi'), ('admin1', 'Chatham Islands'), ('admin2', ''), ('cc', 'NZ')])]"
21,-34.974998,-177.50215,"[OrderedDict([('lat', '-43.95353'), ('lon', '-176.55973'), ('name', 'Waitangi'), ('admin1', 'Chatham Islands'), ('admin2', ''), ('cc', 'NZ')])]"
22,-35.436459,-176.888758,"[OrderedDict([('lat', '-43.95353'), ('lon', '-176.55973'), ('name', 'Waitangi'), ('admin1', 'Chatham Islands'), ('admin2', ''), ('cc', 'NZ')])]"
23,-35.894283,-176.267798,"[OrderedDict([('lat', '-43.95353'), ('lon', '-176.55973'), ('name', 'Waitangi'), ('admin1', 'Chatham Islands'), ('admin2', ''), ('cc', 'NZ')])]"
24,-36.348365,-175.63912,"[OrderedDict([('lat', '-43.95353'), ('lon', '-176.55973'), ('name', 'Waitangi'), ('admin1', 'Chatham Islands'), ('admin2', ''), ('cc', 'NZ')])]"
25,-36.798597,-175.00256,"[OrderedDict([('lat', '-43.95353'), ('lon', '-176.55973'), ('name', 'Waitangi'), ('admin1', 'Chatham Islands'), ('admin2', ''), ('cc', 'NZ')])]"
26,-37.204467,-174.416899,"[OrderedDict([('lat', '-43.95353'), ('lon', '-176.55973'), ('name', 'Waitangi'), ('admin1', 'Chatham Islands'), ('admin2', ''), ('cc', 'NZ')])]"
27,-37.647043,-173.764862,"[OrderedDict([('lat', '-43.95353'), ('lon', '-176.55973'), ('name', 'Waitangi'), ('admin1', 'Chatham Islands'), ('admin2', ''), ('cc', 'NZ')])]"
28,-38.085446,-173.104506,"[OrderedDict([('lat', '-43.95353'), ('lon', '-176.55973'), ('name', 'Waitangi'), ('admin1', 'Chatham Islands'), ('admin2', ''), ('cc', 'NZ')])]"
29,-38.519555,-172.435666,"[OrderedDict([('lat', '-43.95353'), ('lon', '-176.55973'), ('name', 'Waitangi'), ('admin1', 'Chatham Islands'), ('admin2', ''), ('cc', 'NZ')])]"
30,-38.910375,-171.820157,"[OrderedDict([('lat', '-43.95353'), ('lon', '-176.55973'), ('name', 'Waitangi'), ('admin1', 'Chatham Islands'), ('admin2', ''), ('cc', 'NZ')])]"
31,-39.335961,-171.134706,"[OrderedDict([('lat', '-43.95353'), ('lon', '-176.55973'), ('name', 'Waitangi'), ('admin1', 'Chatham Islands'), ('admin2', ''), ('cc', 'NZ')])]"
32,-39.756899,-170.440363,"[OrderedDict([('lat', '-43.95353'), ('lon', '-176.55973'), ('name', 'Waitangi'), ('admin1', 'Chatham Islands'), ('admin2', ''), ('cc', 'NZ')])]"
33,-40.173062,-169.736963,"[OrderedDict([('lat', '-43.95353'), ('lon', '-176.55973'), ('name', 'Waitangi'), ('admin1', 'Chatham Islands'), ('admin2', ''), ('cc', 'NZ')])]"
34,-40.584322,-169.024383,"[OrderedDict([('lat', '-43.95353'), ('lon', '-176.55973'), ('name', 'Waitangi'), ('admin1', 'Chatham Islands'), ('admin2', ''), ('cc', 'NZ')])]"
35,38.891387,-3.660555,"[OrderedDict([('lat', '38.9069'), ('lon', '-3.66345'), ('name', 'Bolanos de Calatrava'), ('admin1', 'Castille-La Mancha'), ('admin2', 'Provincia de Ciudad Real'), ('cc', 'ES')])]"
36,39.279414,-3.036836,"[OrderedDict([('lat', '39.15218'), ('lon', '-3.02431'), ('name', 'Tomelloso'), ('admin1', 'Castille-La Mancha'), ('admin2', 'Provincia de Ciudad Real'), ('cc', 'ES')])]"
37,39.701813,-2.34221,"[OrderedDict([('lat', '39.65852'), ('lon', '-2.31171'), ('name', 'Torrubia del Castillo'), ('admin1', 'Castille-La Mancha'), ('admin2', 'Provincia de Cuenca'), ('cc', 'ES')])]"
38,40.081674,-1.702854,"[OrderedDict([('lat', '40.1'), ('lon', '-1.7'), ('name', 'Campillos-Sierra'), ('admin1', 'Castille-La Mancha'), ('admin2', 'Provincia de Cuenca'), ('cc', 'ES')])]"
39,40.494856,-0.990767,"[OrderedDict([('lat', '40.48433'), ('lon', '-1.03408'), ('name', 'Peralejos'), ('admin1', 'Aragon'), ('admin2', 'Provincia de Teruel'), ('cc', 'ES')])]"
40,40.866121,-0.335307,"[OrderedDict([('lat', '40.8921'), ('lon', '-0.38143'), ('name', 'Alcorisa'), ('admin1', 'Aragon'), ('admin2', 'Provincia de Teruel'), ('cc', 'ES')])]"
41,41.269601,0.394742,"[OrderedDict([('lat', '41.23851'), ('lon', '0.33302'), ('name', 'Fayon'), ('admin1', 'Aragon'), ('admin2', 'Provincia de Zaragoza'), ('cc', 'ES')])]"
42,41.63182,1.06675,"[OrderedDict([('lat', '41.65649'), ('lon', '1.08286'), ('name', 'Anglesola'), ('admin1', 'Catalonia'), ('admin2', 'Provincia de Lleida'), ('cc', 'ES')])]"
43,42.025095,1.815232,"[OrderedDict([('lat', '42.06667'), ('lon', '1.85'), ('name', 'Avia'), ('admin1', 'Catalonia'), ('admin2', 'Provincia de Barcelona'), ('cc', 'ES')])]"
44,42.377803,2.504198,"[OrderedDict([('lat', '42.40404'), ('lon', '2.47928'), ('name', 'Prats de Mollo'), ('admin1', 'Languedoc-Roussillon'), ('admin2', 'Departement des Pyrenees-Orientales'), ('cc', 'FR')])]"
45,42.760348,3.271546,"[OrderedDict([('lat', '42.78773'), ('lon', '3.03656'), ('name', 'Le Barcares'), ('admin1', 'Languedoc-Roussillon'), ('admin2', 'Departement des Pyrenees-Orientales'), ('cc', 'FR')])]"
46,43.10306,3.977844,"[OrderedDict([('lat', '43.44848'), ('lon', '3.754'), ('name', 'Frontignan'), ('admin1', 'Languedoc-Roussillon'), ('admin2', ""Departement de l'Herault""), ('cc', 'FR')])]"
47,43.474338,4.764442,"[OrderedDict([('lat', '43.38734'), ('lon', '4.82609'), ('name', 'Port-Saint-Louis-du-Rhone'), ('admin1', ""Provence-Alpes-Cote d'Azur""), ('admin2', 'Departement des Bouches-du-Rhone'), ('cc', 'FR')])]"
48,43.806559,5.488398,"[OrderedDict([('lat', '43.77321'), ('lon', '5.439'), ('name', 'Cucuron'), ('admin1', ""Provence-Alpes-Cote d'Azur""), ('admin2', 'Departement du Vaucluse'), ('cc', 'FR')])]"
49,44.166015,6.294576,"[OrderedDict([('lat', '44.16143'), ('lon', '6.31143'), ('name', 'Le Brusquet'), ('admin1', ""Provence-Alpes-Cote d'Azur""), ('admin2', 'Departement des Alpes-de-Haute-Provence'), ('cc', 'FR')])]"
50,44.519053,7.111121,"[OrderedDict([('lat', '44.50653'), ('lon', '7.12652'), ('name', 'Stroppo'), ('admin1', 'Piedmont'), ('admin2', 'Provincia di Cuneo'), ('cc', 'IT')])]"
51,44.834294,7.862483,"[OrderedDict([('lat', '44.85976'), ('lon', '7.9044'), ('name', 'Pralormo'), ('admin1', 'Piedmont'), ('admin2', 'Provincia di Torino'), ('cc', 'IT')])]"
52,45.174636,8.698979,"[OrderedDict([('lat', '45.15096'), ('lon', '8.66957'), ('name', 'Valle Lomellina'), ('admin1', 'Lombardy'), ('admin2', 'Provincia di Pavia'), ('cc', 'IT')])]"
53,45.478067,9.468553,"[OrderedDict([('lat', '45.48455'), ('lon', '9.4695'), ('name', 'Truccazzano'), ('admin1', 'Lombardy'), ('admin2', 'Citta metropolitana di Milano'), ('cc', 'IT')])]"
54,45.80512,10.325145,"[OrderedDict([('lat', '45.81088'), ('lon', '10.33511'), ('name', 'Collio'), ('admin1', 'Lombardy'), ('admin2', 'Provincia di Brescia'), ('cc', 'IT')])]"
55,46.096202,11.113022,"[OrderedDict([('lat', '46.12457'), ('lon', '11.11761'), ('name', 'Meano'), ('admin1', 'Trentino-Alto Adige'), ('admin2', 'Provincia di Trento'), ('cc', 'IT')])]"
56,46.40937,11.989758,"[OrderedDict([('lat', '46.43392'), ('lon', '11.97679'), ('name', 'Rocca Pietore'), ('admin1', 'Veneto'), ('admin2', 'Provincia di Belluno'), ('cc', 'IT')])]"
57,46.687553,12.795938,"[OrderedDict([('lat', '46.70417'), ('lon', '12.70861'), ('name', 'Untertilliach'), ('admin1', 'Tyrol'), ('admin2', 'Politischer Bezirk Lienz'), ('cc', 'AT')])]"
58,46.986231,13.692766,"[OrderedDict([('lat', '47.08333'), ('lon', '13.68333'), ('name', 'Sankt Margarethen im Lungau'), ('admin1', 'Salzburg'), ('admin2', 'Politischer Bezirk Tamsweg'), ('cc', 'AT')])]"
59,47.250965,14.517147,"[OrderedDict([('lat', '47.25'), ('lon', '14.48333'), ('name', 'Oberzeiring'), ('admin1', 'Styria'), ('admin2', 'Politischer Bezirk Murtal'), ('cc', 'AT')])]"
60,47.534541,15.433898,"[OrderedDict([('lat', '47.5'), ('lon', '15.45'), ('name', 'Kindberg'), ('admin1', 'Styria'), ('admin2', 'Politischer Bezirk Bruck-Muerzzuschlag'), ('cc', 'AT')])]"
61,47.785267,16.276274,"[OrderedDict([('lat', '47.78055'), ('lon', '16.26985'), ('name', 'Katzelsdorf'), ('admin1', 'Lower Austria'), ('admin2', 'Politischer Bezirk Wiener Neustadt'), ('cc', 'AT')])]"
62,48.053137,17.212654,"[OrderedDict([('lat', '48.08347'), ('lon', '17.26072'), ('name', 'Dunajska Luzna'), ('admin1', 'Bratislavsky'), ('admin2', ''), ('cc', 'SK')])]"
63,48.289308,18.072692,"[OrderedDict([('lat', '48.30763'), ('lon', '18.08453'), ('name', 'Nitra'), ('admin1', 'Nitriansky'), ('admin2', 'Okres Nitra'), ('cc', 'SK')])]"
64,48.540864,19.028272,"[OrderedDict([('lat', '48.57442'), ('lon', '19.15324'), ('name', 'Zvolen'), ('admin1', 'Banskobystricky'), ('admin2', 'Okres Banska Bystrica'), ('cc', 'SK')])]"
65,48.761929,19.905523,"[OrderedDict([('lat', '48.67738'), ('lon', '19.94364'), ('name', 'Tisovec'), ('admin1', 'Banskobystricky'), ('admin2', ''), ('cc', 'SK')])]"
66,48.996577,20.879726,"[OrderedDict([('lat', '48.91447'), ('lon', '20.87514'), ('name', 'Krompachy'), ('admin1', 'Kosicky'), ('admin2', ''), ('cc', 'SK')])]"
67,49.202012,21.773596,"[OrderedDict([('lat', '49.20211'), ('lon', '21.65216'), ('name', 'Stropkov'), ('admin1', 'Presovsky'), ('admin2', ''), ('cc', 'SK')])]"
68,49.419171,22.7657,"[OrderedDict([('lat', '49.33116'), ('lon', '22.65896'), ('name', 'Czarna'), ('admin1', 'Subcarpathian Voivodeship'), ('admin2', 'Powiat bieszczadzki'), ('cc', 'PL')])]"
69,49.608453,23.675461,"[OrderedDict([('lat', '49.62739'), ('lon', '23.69952'), ('name', 'Komarno'), ('admin1', 'Lviv'), ('admin2', ''), ('cc', 'UA')])]"
70,49.807567,24.684584,"[OrderedDict([('lat', '49.91447'), ('lon', '24.6134'), ('name', 'Krasne'), ('admin1', 'Lviv'), ('admin2', ''), ('cc', 'UA')])]"
71,49.980196,25.609362,"[OrderedDict([('lat', '50.00509'), ('lon', '25.51183'), ('name', 'Pochayiv'), ('admin1', 'Ternopil'), ('admin2', ''), ('cc', 'UA')])]"
72,50.160732,26.634466,"[OrderedDict([('lat', '50.34004'), ('lon', '26.64171'), ('name', 'Netishyn'), ('admin1', 'Khmelnytskyi'), ('admin2', ''), ('cc', 'UA')])]"
73,50.316238,27.573245,"[OrderedDict([('lat', '50.29691'), ('lon', '27.6622'), ('name', 'Baranovka'), ('admin1', 'Zhytomyr'), ('admin2', ''), ('cc', 'UA')])]"
74,50.477697,28.613131,"[OrderedDict([('lat', '50.45652'), ('lon', '28.67018'), ('name', 'Chernyakhiv'), ('admin1', 'Zhytomyr'), ('admin2', ''), ('cc', 'UA')])]"
75,50.628972,29.66023,"[OrderedDict([('lat', '50.69378'), ('lon', '29.61934'), ('name', 'Piskivka'), ('admin1', 'Kiev'), ('admin2', ''), ('cc', 'UA')])]"
76,50.757557,30.618068,"[OrderedDict([('lat', '50.58476'), ('lon', '30.4898'), ('name', 'Vyshhorod'), ('admin1', 'Kiev'), ('admin2', ''), ('cc', 'UA')])]"
77,50.889069,31.677833,"[OrderedDict([('lat', '50.93152'), ('lon', '31.58282'), ('name', 'Nosivka'), ('admin1', 'Chernihiv'), ('admin2', ''), ('cc', 'UA')])]"
78,50.999499,32.646484,"[OrderedDict([('lat', '51.20093'), ('lon', '32.77451'), ('name', 'Bakhmach'), ('admin1', 'Chernihiv'), ('admin2', ''), ('cc', 'UA')])]"
79,51.110849,33.717338,"[OrderedDict([('lat', '51.19806'), ('lon', '33.60695'), ('name', 'Sloboda'), ('admin1', 'Sumy'), ('admin2', ''), ('cc', 'UA')])]"
80,51.202793,34.695315,"[OrderedDict([('lat', '51.33917'), ('lon', '34.63278'), ('name', 'Glushkovo'), ('admin1', 'Kursk'), ('admin2', ''), ('cc', 'RU')])]"
81,51.293641,35.775561,"[OrderedDict([('lat', '51.05444'), ('lon', '35.71611'), ('name', 'Belaya'), ('admin1', 'Kursk'), ('admin2', ''), ('cc', 'RU')])]"
82,51.366813,36.76126,"[OrderedDict([('lat', '51.41853'), ('lon', '36.7499'), ('name', 'Solntsevo'), ('admin1', 'Kursk'), ('admin2', ''), ('cc', 'RU')])]"
83,51.436874,37.84908,"[OrderedDict([('lat', '51.29667'), ('lon', '37.84167'), ('name', 'Staryy Oskol'), ('admin1', 'Belgorod'), ('admin2', ''), ('cc', 'RU')])]"
84,51.491044,38.840813,"[OrderedDict([('lat', '51.6083'), ('lon', '38.9102'), ('name', 'Strelitsa'), ('admin1', 'Voronezj'), ('admin2', ''), ('cc', 'RU')])]"
85,51.540099,39.934303,"[OrderedDict([('lat', '51.6467'), ('lon', '40.1346'), ('name', 'Panino'), ('admin1', 'Voronezj'), ('admin2', ''), ('cc', 'RU')])]"
86,51.57509,40.930295,"[OrderedDict([('lat', '51.84056'), ('lon', '40.80556'), ('name', ""Ertil'""), ('admin1', 'Voronezj'), ('admin2', ''), ('cc', 'RU')])]"
87,51.602984,42.027472,"[OrderedDict([('lat', '51.45792'), ('lon', '41.97637'), ('name', 'Gribanovskiy'), ('admin1', 'Voronezj'), ('admin2', ''), ('cc', 'RU')])]"
88,51.618687,43.025902,"[OrderedDict([('lat', '51.562'), ('lon', '43.0689'), ('name', 'Pinerovka'), ('admin1', 'Saratov'), ('admin2', ''), ('cc', 'RU')])]"
89,51.625326,44.124743,"[OrderedDict([('lat', '51.5'), ('lon', '44.4758'), ('name', 'Kalininsk'), ('admin1', 'Saratov'), ('admin2', ''), ('cc', 'RU')])]"
90,51.621689,45.123754,"[OrderedDict([('lat', '51.87185'), ('lon', '45.00775'), ('name', 'Atkarsk'), ('admin1', 'Saratov'), ('admin2', ''), ('cc', 'RU')])]"
91,51.607048,46.222209,"[OrderedDict([('lat', '51.56361'), ('lon', '46.24833'), ('name', 'Shumeyka'), ('admin1', 'Saratov'), ('admin2', ''), ('cc', 'RU')])]"
92,51.584085,47.219939,"[OrderedDict([('lat', '51.8161'), ('lon', '47.009'), ('name', 'Podlesnoye'), ('admin1', 'Saratov'), ('admin2', ''), ('cc', 'RU')])]"
93,51.54822,48.315966,"[OrderedDict([('lat', '51.3513'), ('lon', '48.2766'), ('name', 'Yershov'), ('admin1', 'Saratov'), ('admin2', ''), ('cc', 'RU')])]"
94,51.505999,49.310568,"[OrderedDict([('lat', '51.1786'), ('lon', '49.6769'), ('name', 'Staryye Ozinki'), ('admin1', 'Saratov'), ('admin2', ''), ('cc', 'RU')])]"
95,51.449021,50.402155,"[OrderedDict([('lat', '51.11073'), ('lon', '50.29454'), ('name', 'Kamenka'), ('admin1', 'Batys Qazaqstan'), ('admin2', ''), ('cc', 'KZ')])]"
96,51.387683,51.391822,"[OrderedDict([('lat', '51.23333'), ('lon', '51.36667'), ('name', 'Oral'), ('admin1', 'Batys Qazaqstan'), ('admin2', ''), ('cc', 'KZ')])]"
97,51.309774,52.477013,"[OrderedDict([('lat', '51.42724'), ('lon', '52.71392'), ('name', 'Burlin'), ('admin1', 'Batys Qazaqstan'), ('admin2', ''), ('cc', 'KZ')])]"
98,51.229513,53.460003,"[OrderedDict([('lat', '51.52709'), ('lon', '53.38306'), ('name', 'Ilek'), ('admin1', 'Orenburg'), ('admin2', ''), ('cc', 'RU')])]"
99,51.140328,54.439224,"[OrderedDict([('lat', '51.09878'), ('lon', '54.08426'), ('name', 'Chingirlau'), ('admin1', 'Batys Qazaqstan'), ('admin2', ''), ('cc', 'KZ')])]"
100,51.031987,55.511577,"[OrderedDict([('lat', '51.1631'), ('lon', '54.99176'), ('name', ""Sol'-Iletsk""), ('admin1', 'Orenburg'), ('admin2', ''), ('cc', 'RU')])]"
101,50.924265,56.481706,"[OrderedDict([('lat', '50.74746'), ('lon', '56.50611'), ('name', 'Martuk'), ('admin1', 'Aqtoebe'), ('admin2', ''), ('cc', 'KZ')])]"
102,50.795714,57.54321,"[OrderedDict([('lat', '50.27969'), ('lon', '57.20718'), ('name', 'Aqtobe'), ('admin1', 'Aqtoebe'), ('admin2', ''), ('cc', 'KZ')])]"
103,50.669786,58.502735,"[OrderedDict([('lat', '50.56022'), ('lon', '58.27715'), ('name', 'Batamshinskiy'), ('admin1', 'Aqtoebe'), ('admin2', ''), ('cc', 'KZ')])]"
104,50.521403,59.551798,"[OrderedDict([('lat', '50.7587'), ('lon', '59.5386'), ('name', 'Dombarovskiy'), ('admin1', 'Orenburg'), ('admin2', ''), ('cc', 'RU')])]"
105,50.377641,60.499343,"[OrderedDict([('lat', '50.81833'), ('lon', '60.85194'), ('name', 'Svetlyy'), ('admin1', 'Orenburg'), ('admin2', ''), ('cc', 'RU')])]"
106,50.209865,61.534513,"[OrderedDict([('lat', '50.81833'), ('lon', '60.85194'), ('name', 'Svetlyy'), ('admin1', 'Orenburg'), ('admin2', ''), ('cc', 'RU')])]"
107,50.048686,62.468815,"[OrderedDict([('lat', '49.63389'), ('lon', '63.49806'), ('name', 'Torghay'), ('admin1', 'Qostanay'), ('admin2', ''), ('cc', 'KZ')])]"
108,49.861989,63.488801,"[OrderedDict([('lat', '49.63389'), ('lon', '63.49806'), ('name', 'Torghay'), ('admin1', 'Qostanay'), ('admin2', ''), ('cc', 'KZ')])]"
109,49.683838,64.408752,"[OrderedDict([('lat', '49.63389'), ('lon', '63.49806'), ('name', 'Torghay'), ('admin1', 'Qostanay'), ('admin2', ''), ('cc', 'KZ')])]"
110,49.478737,65.412394,"[OrderedDict([('lat', '50.24915'), ('lon', '66.92027'), ('name', 'Arkalyk'), ('admin1', 'Qostanay'), ('admin2', ''), ('cc', 'KZ')])]"
111,49.284094,66.317025,"[OrderedDict([('lat', '50.24915'), ('lon', '66.92027'), ('name', 'Arkalyk'), ('admin1', 'Qostanay'), ('admin2', ''), ('cc', 'KZ')])]"
112,49.061129,67.303339,"[OrderedDict([('lat', '50.24915'), ('lon', '66.92027'), ('name', 'Arkalyk'), ('admin1', 'Qostanay'), ('admin2', ''), ('cc', 'KZ')])]"
113,48.8505,68.191823,"[OrderedDict([('lat', '48.88222'), ('lon', '68.80722'), ('name', 'Shubarkol'), ('admin1', 'Qaraghandy'), ('admin2', ''), ('cc', 'KZ')])]"
114,48.610234,69.159989,"[OrderedDict([('lat', '48.88222'), ('lon', '68.80722'), ('name', 'Shubarkol'), ('admin1', 'Qaraghandy'), ('admin2', ''), ('cc', 'KZ')])]"
115,48.384145,70.031644,"[OrderedDict([('lat', '48.00684'), ('lon', '70.78918'), ('name', 'Qarazhal'), ('admin1', 'Qaraghandy'), ('admin2', ''), ('cc', 'KZ')])]"
116,48.127166,70.980972,"[OrderedDict([('lat', '48.00684'), ('lon', '70.78918'), ('name', 'Qarazhal'), ('admin1', 'Qaraghandy'), ('admin2', ''), ('cc', 'KZ')])]"
117,47.886152,71.835258,"[OrderedDict([('lat', '47.20694'), ('lon', '71.39694'), ('name', 'Zhambyl'), ('admin1', 'Qaraghandy'), ('admin2', ''), ('cc', 'KZ')])]"
118,47.613057,72.765229,"[OrderedDict([('lat', '48.03333'), ('lon', '72.83333'), ('name', 'Aktau'), ('admin1', 'Qaraghandy'), ('admin2', ''), ('cc', 'KZ')])]"
119,47.35767,73.601729,"[OrderedDict([('lat', '47.22111'), ('lon', '73.36694'), ('name', 'Moyynty'), ('admin1', 'Qaraghandy'), ('admin2', ''), ('cc', 'KZ')])]"
120,47.069064,74.511961,"[OrderedDict([('lat', '46.84806'), ('lon', '74.995'), ('name', 'Balqash'), ('admin1', 'Qaraghandy'), ('admin2', ''), ('cc', 'KZ')])]"
121,46.799855,75.330382,"[OrderedDict([('lat', '46.81694'), ('lon', '75.04028'), ('name', 'Shashubay'), ('admin1', 'Qaraghandy'), ('admin2', ''), ('cc', 'KZ')])]"
122,46.496349,76.220629,"[OrderedDict([('lat', '46.53333'), ('lon', '76.2'), ('name', 'Karabas'), ('admin1', ''), ('admin2', ''), ('cc', 'KZ')])]"
123,46.213869,77.020806,"[OrderedDict([('lat', '47'), ('lon', '77.26667'), ('name', 'Sayaq'), ('admin1', 'Qaraghandy'), ('admin2', ''), ('cc', 'KZ')])]"
124,45.896071,77.890924,"[OrderedDict([('lat', '45.25201'), ('lon', '77.98007'), ('name', 'Ush-Tyube'), ('admin1', 'Almaty Oblysy'), ('admin2', ''), ('cc', 'KZ')])]"
125,45.600873,78.672789,"[OrderedDict([('lat', '45.895'), ('lon', '78.71806'), ('name', 'Matay'), ('admin1', 'Almaty Oblysy'), ('admin2', ''), ('cc', 'KZ')])]"
126,45.299812,79.445933,"[OrderedDict([('lat', '45.41126'), ('lon', '79.91545'), ('name', 'Sarkand'), ('admin1', 'Almaty Oblysy'), ('admin2', ''), ('cc', 'KZ')])]"
127,44.962019,80.286353,"[OrderedDict([('lat', '45.41126'), ('lon', '79.91545'), ('name', 'Sarkand'), ('admin1', 'Almaty Oblysy'), ('admin2', ''), ('cc', 'KZ')])]"
128,44.617442,81.116276,"[OrderedDict([('lat', '43.96612'), ('lon', '81.15502'), ('name', 'Yengiyar'), ('admin1', 'Xinjiang Uygur Zizhiqu'), ('admin2', ''), ('cc', 'CN')])]"
129,44.298438,81.861689,"[OrderedDict([('lat', '43.94222'), ('lon', '82.12667'), ('name', 'Suptay'), ('admin1', 'Xinjiang Uygur Zizhiqu'), ('admin2', ''), ('cc', 'CN')])]"
130,43.941356,82.671729,"[OrderedDict([('lat', '43.74927'), ('lon', '82.63556'), ('name', 'Karatobe'), ('admin1', 'Xinjiang Uygur Zizhiqu'), ('admin2', ''), ('cc', 'CN')])]"
131,43.611246,83.399171,"[OrderedDict([('lat', '43.51071'), ('lon', '83.4597'), ('name', 'Tuergen'), ('admin1', 'Xinjiang Uygur Zizhiqu'), ('admin2', ''), ('cc', 'CN')])]"
132,43.242228,84.189567,"[OrderedDict([('lat', '43.41029'), ('lon', '83.76474'), ('name', 'Araltobe'), ('admin1', 'Xinjiang Uygur Zizhiqu'), ('admin2', ''), ('cc', 'CN')])]"
133,42.901528,84.899292,"[OrderedDict([('lat', '43.41029'), ('lon', '83.76474'), ('name', 'Araltobe'), ('admin1', 'Xinjiang Uygur Zizhiqu'), ('admin2', ''), ('cc', 'CN')])]"
134,42.521138,85.67038,"[OrderedDict([('lat', '42.31639'), ('lon', '86.38278'), ('name', 'Hejing'), ('admin1', 'Xinjiang Uygur Zizhiqu'), ('admin2', ''), ('cc', 'CN')])]"
135,42.170346,86.362701,"[OrderedDict([('lat', '42.31639'), ('lon', '86.38278'), ('name', 'Hejing'), ('admin1', 'Xinjiang Uygur Zizhiqu'), ('admin2', ''), ('cc', 'CN')])]"
136,41.779123,87.114842,"[OrderedDict([('lat', '41.98434'), ('lon', '86.62198'), ('name', 'Bohu'), ('admin1', 'Xinjiang Uygur Zizhiqu'), ('admin2', ''), ('cc', 'CN')])]"
137,41.418725,87.790129,"[OrderedDict([('lat', '42.25861'), ('lon', '86.85778'), ('name', 'Tewulike'), ('admin1', 'Xinjiang Uygur Zizhiqu'), ('admin2', ''), ('cc', 'CN')])]"
138,41.017198,88.523746,"[OrderedDict([('lat', '42.79359'), ('lon', '88.64163'), ('name', 'Toksun'), ('admin1', 'Xinjiang Uygur Zizhiqu'), ('admin2', ''), ('cc', 'CN')])]"
139,40.647661,89.182408,"[OrderedDict([('lat', '39.02909'), ('lon', '88.1903'), ('name', 'Tieganlike'), ('admin1', 'Heilongjiang Sheng'), ('admin2', ''), ('cc', 'CN')])]"
140,40.236337,89.897966,"[OrderedDict([('lat', '38.386'), ('lon', '90.15696'), ('name', 'Qilanbulak'), ('admin1', 'Xinjiang Uygur Zizhiqu'), ('admin2', ''), ('cc', 'CN')])]"
141,39.858119,90.540434,"[OrderedDict([('lat', '38.386'), ('lon', '90.15696'), ('name', 'Qilanbulak'), ('admin1', 'Xinjiang Uygur Zizhiqu'), ('admin2', ''), ('cc', 'CN')])]"
142,39.437482,91.238432,"[OrderedDict([('lat', '38.1461'), ('lon', '90.90514'), ('name', 'Gasi'), ('admin1', 'Qinghai Sheng'), ('admin2', ''), ('cc', 'CN')])]"
143,39.051016,91.86517,"[OrderedDict([('lat', '38.1461'), ('lon', '90.90514'), ('name', 'Gasi'), ('admin1', 'Qinghai Sheng'), ('admin2', ''), ('cc', 'CN')])]"
144,38.62154,92.546126,"[OrderedDict([('lat', '38.73741'), ('lon', '93.33199'), ('name', 'Lenghu'), ('admin1', 'Qinghai Sheng'), ('admin2', ''), ('cc', 'CN')])]"
145,38.227244,93.157619,"[OrderedDict([('lat', '38.73741'), ('lon', '93.33199'), ('name', 'Lenghu'), ('admin1', 'Qinghai Sheng'), ('admin2', ''), ('cc', 'CN')])]"
146,37.789381,93.822081,"[OrderedDict([('lat', '38.73741'), ('lon', '93.33199'), ('name', 'Lenghu'), ('admin1', 'Qinghai Sheng'), ('admin2', ''), ('cc', 'CN')])]"
147,37.38766,94.418821,"[OrderedDict([('lat', '37.83333'), ('lon', '95.3'), ('name', 'Da Qaidam'), ('admin1', 'Qinghai Sheng'), ('admin2', ''), ('cc', 'CN')])]"
148,36.982537,95.008724,"[OrderedDict([('lat', '36.4313'), ('lon', '94.82285'), ('name', 'Haquxiang'), ('admin1', 'Qinghai Sheng'), ('admin2', ''), ('cc', 'CN')])]"
149,36.533077,95.649846,"[OrderedDict([('lat', '36.41667'), ('lon', '95.73333'), ('name', 'Dagur'), ('admin1', 'Qinghai Sheng'), ('admin2', ''), ('cc', 'CN')])]"
150,36.12109,96.225747,"[OrderedDict([('lat', '36.37056'), ('lon', '96.40821'), ('name', 'Nomhon'), ('admin1', 'Qinghai Sheng'), ('admin2', ''), ('cc', 'CN')])]"
151,35.66428,96.851761,"[OrderedDict([('lat', '36.25154'), ('lon', '96.949'), ('name', 'Zongjia'), ('admin1', 'Qinghai Sheng'), ('admin2', ''), ('cc', 'CN')])]"
152,35.245788,97.414187,"[OrderedDict([('lat', '35.08524'), ('lon', '97.90807'), ('name', 'Zhalinghu'), ('admin1', 'Qinghai Sheng'), ('admin2', ''), ('cc', 'CN')])]"
153,34.782014,98.025659,"[OrderedDict([('lat', '34.79677'), ('lon', '98.12923'), ('name', 'Heihe'), ('admin1', 'Qinghai Sheng'), ('admin2', ''), ('cc', 'CN')])]"
154,34.357364,98.575127,"[OrderedDict([('lat', '34.56667'), ('lon', '98.31667'), ('name', 'Huanghe'), ('admin1', 'Qinghai Sheng'), ('admin2', ''), ('cc', 'CN')])]"
155,33.887,99.172619,"[OrderedDict([('lat', '33.89513'), ('lon', '99.13083'), ('name', 'Tehetu'), ('admin1', 'Qinghai Sheng'), ('admin2', ''), ('cc', 'CN')])]"
156,33.456517,99.709642,"[OrderedDict([('lat', '33.61667'), ('lon', '99.8'), ('name', 'Wosai'), ('admin1', 'Qinghai Sheng'), ('admin2', ''), ('cc', 'CN')])]"
157,32.979913,100.293733,"[OrderedDict([('lat', '32.81809'), ('lon', '100.28038'), ('name', 'Gyimkar'), ('admin1', 'Qinghai Sheng'), ('admin2', ''), ('cc', 'CN')])]"
158,32.543915,100.818824,"[OrderedDict([('lat', '32.68749'), ('lon', '100.93364'), ('name', 'Dimda'), ('admin1', 'Qinghai Sheng'), ('admin2', ''), ('cc', 'CN')])]"
159,32.06141,101.390067,"[OrderedDict([('lat', '32.52923'), ('lon', '101.59944'), ('name', ""Rong'an""), ('admin1', 'Sichuan'), ('admin2', ''), ('cc', 'CN')])]"
160,31.620193,101.903724,"[OrderedDict([('lat', '31.47551'), ('lon', '102.05884'), ('name', 'Jinchuan'), ('admin1', 'Sichuan'), ('admin2', ''), ('cc', 'CN')])]"
161,31.132108,102.462673,"[OrderedDict([('lat', '30.99907'), ('lon', '102.36019'), ('name', 'Meixing'), ('admin1', 'Sichuan'), ('admin2', ''), ('cc', 'CN')])]"
162,30.641222,103.015406,"[OrderedDict([('lat', '30.37045'), ('lon', '102.81223'), ('name', 'Muping'), ('admin1', 'Sichuan'), ('admin2', ''), ('cc', 'CN')])]"
163,30.192602,103.51261,"[OrderedDict([('lat', '30.41587'), ('lon', '103.46089'), ('name', 'Linqiong'), ('admin1', 'Sichuan'), ('admin2', ''), ('cc', 'CN')])]"
164,29.6966,104.053868,"[OrderedDict([('lat', '29.65068'), ('lon', '104.06723'), ('name', 'Yancheng'), ('admin1', 'Sichuan'), ('admin2', ''), ('cc', 'CN')])]"
165,29.243462,104.540888,"[OrderedDict([('lat', '29.34748'), ('lon', '104.71157'), ('name', 'Gongjing'), ('admin1', 'Sichuan'), ('admin2', ''), ('cc', 'CN')])]"
166,28.742624,105.071211,"[OrderedDict([('lat', '28.73335'), ('lon', '105.0683'), ('name', ""Jiang'an""), ('admin1', 'Sichuan'), ('admin2', ''), ('cc', 'CN')])]"
167,28.285217,105.548518,"[OrderedDict([('lat', '28.16992'), ('lon', '105.43452'), ('name', 'Xuyong'), ('admin1', 'Sichuan'), ('admin2', ''), ('cc', 'CN')])]"
168,27.779822,106.068419,"[OrderedDict([('lat', '28.14083'), ('lon', '106.03771'), ('name', 'Taiping'), ('admin1', 'Sichuan'), ('admin2', ''), ('cc', 'CN')])]"
169,27.31839,106.536485,"[OrderedDict([('lat', '26.99167'), ('lon', '106.34167'), ('name', 'Supu'), ('admin1', 'Guizhou Sheng'), ('admin2', ''), ('cc', 'CN')])]"
170,26.808696,107.046468,"[OrderedDict([('lat', '26.58333'), ('lon', '106.71667'), ('name', 'Guiyang'), ('admin1', 'Guizhou Sheng'), ('admin2', ''), ('cc', 'CN')])]"
171,26.343468,107.505743,"[OrderedDict([('lat', '26.26667'), ('lon', '107.51667'), ('name', 'Duyun'), ('admin1', 'Guizhou Sheng'), ('admin2', ''), ('cc', 'CN')])]"
172,25.829723,108.0063,"[OrderedDict([('lat', '25.97056'), ('lon', '108.39528'), ('name', 'Pingjiang'), ('admin1', 'Guizhou Sheng'), ('admin2', ''), ('cc', 'CN')])]"
173,25.360923,108.45723,"[OrderedDict([('lat', '25.75556'), ('lon', '108.69194'), ('name', 'Xiajiang'), ('admin1', 'Guizhou Sheng'), ('admin2', ''), ('cc', 'CN')])]"
174,24.843365,108.948846,"[OrderedDict([('lat', '24.79198'), ('lon', '108.9'), ('name', 'Dongmen'), ('admin1', 'Guangxi Zhuangzu Zizhiqu'), ('admin2', ''), ('cc', 'CN')])]"
175,24.371201,109.391859,"[OrderedDict([('lat', '24.31258'), ('lon', '109.38916'), ('name', 'Liuzhou'), ('admin1', 'Guangxi Zhuangzu Zizhiqu'), ('admin2', ''), ('cc', 'CN')])]"
176,23.850056,109.874999,"[OrderedDict([('lat', '23.97282'), ('lon', '109.66678'), ('name', 'Xiangzhou'), ('admin1', 'Guangxi Zhuangzu Zizhiqu'), ('admin2', ''), ('cc', 'CN')])]"
177,23.374731,110.310519,"[OrderedDict([('lat', '23.54218'), ('lon', '110.38946'), ('name', 'Pingnan'), ('admin1', 'Guangxi Zhuangzu Zizhiqu'), ('admin2', ''), ('cc', 'CN')])]"
178,22.850217,110.785641,"[OrderedDict([('lat', '22.8525'), ('lon', '110.82333'), ('name', 'Nandu'), ('admin1', 'Guangxi Zhuangzu Zizhiqu'), ('admin2', ''), ('cc', 'CN')])]"
179,22.371924,111.214078,"[OrderedDict([('lat', '22.36457'), ('lon', '111.26114'), ('name', 'Qianpai'), ('admin1', 'Guangdong'), ('admin2', ''), ('cc', 'CN')])]"
180,21.844248,111.681632,"[OrderedDict([('lat', '21.80379'), ('lon', '111.70529'), ('name', 'Chengcun'), ('admin1', 'Guangdong'), ('admin2', ''), ('cc', 'CN')])]"
181,21.363172,112.103383,"[OrderedDict([('lat', '21.73926'), ('lon', '112.21718'), ('name', 'Dongping'), ('admin1', 'Guangdong'), ('admin2', ''), ('cc', 'CN')])]"
182,20.832533,112.563792,"[OrderedDict([('lat', '21.65086'), ('lon', '112.58129'), ('name', 'Xiachuan'), ('admin1', 'Guangdong'), ('admin2', ''), ('cc', 'CN')])]"
183,20.348851,112.979245,"[OrderedDict([('lat', '21.65086'), ('lon', '112.58129'), ('name', 'Xiachuan'), ('admin1', 'Guangdong'), ('admin2', ''), ('cc', 'CN')])]"
184,19.815441,113.432934,"[OrderedDict([('lat', '21.72621'), ('lon', '112.77129'), ('name', 'Shangchuan'), ('admin1', 'Guangdong'), ('admin2', ''), ('cc', 'CN')])]"
185,19.329326,113.842465,"[OrderedDict([('lat', '21.72621'), ('lon', '112.77129'), ('name', 'Shangchuan'), ('admin1', 'Guangdong'), ('admin2', ''), ('cc', 'CN')])]"
186,18.793327,114.289849,"[OrderedDict([('lat', '21.72621'), ('lon', '112.77129'), ('name', 'Shangchuan'), ('admin1', 'Guangdong'), ('admin2', ''), ('cc', 'CN')])]"
187,18.304939,114.693821,"[OrderedDict([('lat', '21.72621'), ('lon', '112.77129'), ('name', 'Shangchuan'), ('admin1', 'Guangdong'), ('admin2', ''), ('cc', 'CN')])]"
188,17.766529,115.135297,"[OrderedDict([('lat', '22.20453'), ('lon', '114.13159'), ('name', 'Sok Kwu Wan'), ('admin1', ''), ('admin2', ''), ('cc', 'HK')])]"
189,17.226926,115.573836,"[OrderedDict([('lat', '16.1909'), ('lon', '119.7802'), ('name', 'Macabuboni'), ('admin1', 'Ilocos'), ('admin2', 'Province of Pangasinan'), ('cc', 'PH')])]"
190,16.735377,115.970041,"[OrderedDict([('lat', '16.1909'), ('lon', '119.7802'), ('name', 'Macabuboni'), ('admin1', 'Ilocos'), ('admin2', 'Province of Pangasinan'), ('cc', 'PH')])]"
191,16.193619,116.403253,"[OrderedDict([('lat', '15.9616'), ('lon', '119.7658'), ('name', 'Ilioilio'), ('admin1', 'Ilocos'), ('admin2', 'Province of Pangasinan'), ('cc', 'PH')])]"
192,15.700187,116.7948,"[OrderedDict([('lat', '15.9616'), ('lon', '119.7658'), ('name', 'Ilioilio'), ('admin1', 'Ilocos'), ('admin2', 'Province of Pangasinan'), ('cc', 'PH')])]"
193,15.156436,117.223067,"[OrderedDict([('lat', '15.9616'), ('lon', '119.7658'), ('name', 'Ilioilio'), ('admin1', 'Ilocos'), ('admin2', 'Province of Pangasinan'), ('cc', 'PH')])]"
194,14.661262,117.610284,"[OrderedDict([('lat', '15.435'), ('lon', '119.9045'), ('name', 'Palauig'), ('admin1', 'Central Luzon'), ('admin2', 'Province of Zambales'), ('cc', 'PH')])]"
195,14.115674,118.033974,"[OrderedDict([('lat', '13.88833'), ('lon', '120.04944'), ('name', 'Cabra'), ('admin1', 'Mimaropa'), ('admin2', 'Province of Mindoro Occidental'), ('cc', 'PH')])]"
196,13.618899,118.417189,"[OrderedDict([('lat', '13.88833'), ('lon', '120.04944'), ('name', 'Cabra'), ('admin1', 'Mimaropa'), ('admin2', 'Province of Mindoro Occidental'), ('cc', 'PH')])]"
197,13.071625,118.836658,"[OrderedDict([('lat', '12.23336'), ('lon', '119.87581'), ('name', 'Buluang'), ('admin1', 'Mimaropa'), ('admin2', 'Province of Palawan'), ('cc', 'PH')])]"
198,12.573384,119.216198,"[OrderedDict([('lat', '12.23336'), ('lon', '119.87581'), ('name', 'Buluang'), ('admin1', 'Mimaropa'), ('admin2', 'Province of Palawan'), ('cc', 'PH')])]"
199,12.024569,119.631802,"[OrderedDict([('lat', '12.11907'), ('lon', '119.84861'), ('name', 'Panlaitan'), ('admin1', 'Mimaropa'), ('admin2', 'Province of Palawan'), ('cc', 'PH')])]"
200,11.524994,120.007981,"[OrderedDict([('lat', '11.4924'), ('lon', '119.8703'), ('name', 'San Miguel'), ('admin1', 'Mimaropa'), ('admin2', 'Province of Palawan'), ('cc', 'PH')])]"
201,10.974781,120.42006,"[OrderedDict([('lat', '11.148'), ('lon', '120.9417'), ('name', 'Agutaya'), ('admin1', 'Mimaropa'), ('admin2', 'Province of Palawan'), ('cc', 'PH')])]"
202,10.473999,120.793193,"[OrderedDict([('lat', '10.8438'), ('lon', '121.0102'), ('name', 'Suba'), ('admin1', 'Mimaropa'), ('admin2', 'Province of Palawan'), ('cc', 'PH')])]"
203,9.922527,121.202076,"[OrderedDict([('lat', '9.57694'), ('lon', '121.20722'), ('name', 'Cagayancillo'), ('admin1', 'Mimaropa'), ('admin2', 'Province of Palawan'), ('cc', 'PH')])]"
204,9.420664,121.572463,"[OrderedDict([('lat', '9.57694'), ('lon', '121.20722'), ('name', 'Cagayancillo'), ('admin1', 'Mimaropa'), ('admin2', 'Province of Palawan'), ('cc', 'PH')])]"
205,8.868068,121.978491,"[OrderedDict([('lat', '9.4726'), ('lon', '122.5616'), ('name', 'Colipapa'), ('admin1', 'Central Visayas'), ('admin2', 'Province of Negros Oriental'), ('cc', 'PH')])]"
206,8.365243,122.346419,"[OrderedDict([('lat', '8.06667'), ('lon', '122.51667'), ('name', 'Kalawit'), ('admin1', 'Zamboanga Peninsula'), ('admin2', 'Province of Zamboanga del Norte'), ('cc', 'PH')])]"
207,7.811657,122.749919,"[OrderedDict([('lat', '7.79722'), ('lon', '122.765'), ('name', 'Kabasalan'), ('admin1', 'Zamboanga Peninsula'), ('admin2', 'Province of  Zamboanga del Sur'), ('cc', 'PH')])]"
208,7.307989,123.11569,"[OrderedDict([('lat', '7.4546'), ('lon', '123.3111'), ('name', 'Pitogo'), ('admin1', 'Zamboanga Peninsula'), ('admin2', 'Province of  Zamboanga del Sur'), ('cc', 'PH')])]"
209,6.753541,123.516977,"[OrderedDict([('lat', '6.8025'), ('lon', '124.02'), ('name', 'Gadung'), ('admin1', 'Autonomous Region in Muslim Mindanao'), ('admin2', 'Province of Maguindanao'), ('cc', 'PH')])]"
210,6.24915,123.88089,"[OrderedDict([('lat', '6.445'), ('lon', '124.04444'), ('name', 'Sangay'), ('admin1', 'Soccsksargen'), ('admin2', 'Province of Sultan Kudarat'), ('cc', 'PH')])]"
211,5.693968,124.280278,"[OrderedDict([('lat', '6.03917'), ('lon', '124.49861'), ('name', 'Maitum'), ('admin1', 'Davao'), ('admin2', ''), ('cc', 'PH')])]"
212,5.188966,124.642606,"[OrderedDict([('lat', '5.88917'), ('lon', '124.82944'), ('name', 'Katubao'), ('admin1', 'Soccsksargen'), ('admin2', 'Province of Sarangani'), ('cc', 'PH')])]"
213,4.633176,125.04041,"[OrderedDict([('lat', '5.40333'), ('lon', '125.46361'), ('name', 'Sarangani'), ('admin1', 'Davao'), ('admin2', 'Province of Davao del Sur'), ('cc', 'PH')])]"
214,4.127678,125.40144,"[OrderedDict([('lat', '3.6565'), ('lon', '125.5612'), ('name', 'Enemawira'), ('admin1', 'North Sulawesi'), ('admin2', ''), ('cc', 'ID')])]"
215,3.571403,125.797973,"[OrderedDict([('lat', '3.51225'), ('lon', '125.62302'), ('name', 'Manalu'), ('admin1', ''), ('admin2', ''), ('cc', 'ID')])]"
216,3.065521,126.157993,"[OrderedDict([('lat', '3.51225'), ('lon', '125.62302'), ('name', 'Manalu'), ('admin1', ''), ('admin2', ''), ('cc', 'ID')])]"
217,2.508885,126.55357,"[OrderedDict([('lat', '2.70363'), ('lon', '125.39375'), ('name', 'Ulu'), ('admin1', 'North Sulawesi'), ('admin2', ''), ('cc', 'ID')])]"
218,2.002728,126.912838,"[OrderedDict([('lat', '1.49305'), ('lon', '127.55149'), ('name', 'Tongutisungi'), ('admin1', 'Maluku Utara'), ('admin2', ''), ('cc', 'ID')])]"
219,1.445852,127.307759,"[OrderedDict([('lat', '1.49305'), ('lon', '127.55149'), ('name', 'Tongutisungi'), ('admin1', 'Maluku Utara'), ('admin2', ''), ('cc', 'ID')])]"
220,0.939533,127.666576,"[OrderedDict([('lat', '1.06504'), ('lon', '127.46786'), ('name', 'Jailolo'), ('admin1', 'Maluku Utara'), ('admin2', ''), ('cc', 'ID')])]"
221,0.382537,128.061129,"[OrderedDict([('lat', '0.32952'), ('lon', '127.87389'), ('name', 'Weda'), ('admin1', 'Maluku Utara'), ('admin2', ''), ('cc', 'ID')])]"
222,-0.123836,128.419769,"[OrderedDict([('lat', '0.32884'), ('lon', '128.6527'), ('name', 'Petani'), ('admin1', 'Maluku Utara'), ('admin2', ''), ('cc', 'ID')])]"
223,-0.680829,128.814281,"[OrderedDict([('lat', '0.32884'), ('lon', '128.6527'), ('name', 'Petani'), ('admin1', 'Maluku Utara'), ('admin2', ''), ('cc', 'ID')])]"
224,-1.237775,129.208888,"[OrderedDict([('lat', '-1.8364'), ('lon', '129.8316'), ('name', 'Waigama'), ('admin1', 'West Papua'), ('admin2', ''), ('cc', 'ID')])]"
225,-1.744018,129.567773,"[OrderedDict([('lat', '-1.8364'), ('lon', '129.8316'), ('name', 'Waigama'), ('admin1', 'West Papua'), ('admin2', ''), ('cc', 'ID')])]"
226,-2.300778,129.96279,"[OrderedDict([('lat', '-1.8364'), ('lon', '129.8316'), ('name', 'Waigama'), ('admin1', 'West Papua'), ('admin2', ''), ('cc', 'ID')])]"
227,-2.806798,130.322195,"[OrderedDict([('lat', '-3.1112'), ('lon', '130.4954'), ('name', 'Bula'), ('admin1', 'Maluku'), ('admin2', ''), ('cc', 'ID')])]"
228,-3.363252,130.717923,"[OrderedDict([('lat', '-3.1112'), ('lon', '130.4954'), ('name', 'Bula'), ('admin1', 'Maluku'), ('admin2', ''), ('cc', 'ID')])]"
229,-3.868938,131.078119,"[OrderedDict([('lat', '-3.8732'), ('lon', '130.9254'), ('name', 'Geser'), ('admin1', 'Maluku'), ('admin2', ''), ('cc', 'ID')])]"
230,-4.374427,131.438781,"[OrderedDict([('lat', '-3.8732'), ('lon', '130.9254'), ('name', 'Geser'), ('admin1', 'Maluku'), ('admin2', ''), ('cc', 'ID')])]"
231,-4.930206,131.836147,"[OrderedDict([('lat', '-5.6193'), ('lon', '132.7886'), ('name', 'Tual'), ('admin1', 'Maluku'), ('admin2', ''), ('cc', 'ID')])]"
232,-5.485681,132.234238,"[OrderedDict([('lat', '-5.6193'), ('lon', '132.7886'), ('name', 'Tual'), ('admin1', 'Maluku'), ('admin2', ''), ('cc', 'ID')])]"
233,-5.990365,132.596853,"[OrderedDict([('lat', '-5.6193'), ('lon', '132.7886'), ('name', 'Tual'), ('admin1', 'Maluku'), ('admin2', ''), ('cc', 'ID')])]"
234,-6.545165,132.996583,"[OrderedDict([('lat', '-5.6578'), ('lon', '132.9709'), ('name', 'Elat'), ('admin1', 'Maluku'), ('admin2', ''), ('cc', 'ID')])]"
235,-7.04918,133.360837,"[OrderedDict([('lat', '-5.6578'), ('lon', '132.9709'), ('name', 'Elat'), ('admin1', 'Maluku'), ('admin2', ''), ('cc', 'ID')])]"
236,-7.552835,133.725965,"[OrderedDict([('lat', '-5.76092'), ('lon', '134.23405'), ('name', 'Dobo'), ('admin1', 'Maluku'), ('admin2', ''), ('cc', 'ID')])]"
237,-8.106409,134.1287,"[OrderedDict([('lat', '-5.76092'), ('lon', '134.23405'), ('name', 'Dobo'), ('admin1', 'Maluku'), ('admin2', ''), ('cc', 'ID')])]"
238,-8.609223,134.495891,"[OrderedDict([('lat', '-5.76092'), ('lon', '134.23405'), ('name', 'Dobo'), ('admin1', 'Maluku'), ('admin2', ''), ('cc', 'ID')])]"
239,-9.161807,134.901045,"[OrderedDict([('lat', '-5.76092'), ('lon', '134.23405'), ('name', 'Dobo'), ('admin1', 'Maluku'), ('admin2', ''), ('cc', 'ID')])]"
240,-9.663662,135.270585,"[OrderedDict([('lat', '-12.18652'), ('lon', '136.78201'), ('name', 'Nhulunbuy'), ('admin1', 'Northern Territory'), ('admin2', 'East Arnhem'), ('cc', 'AU')])]"
241,-10.215125,135.678498,"[OrderedDict([('lat', '-12.18652'), ('lon', '136.78201'), ('name', 'Nhulunbuy'), ('admin1', 'Northern Territory'), ('admin2', 'East Arnhem'), ('cc', 'AU')])]"
242,-10.7159,136.050688,"[OrderedDict([('lat', '-12.18652'), ('lon', '136.78201'), ('name', 'Nhulunbuy'), ('admin1', 'Northern Territory'), ('admin2', 'East Arnhem'), ('cc', 'AU')])]"
243,-11.266108,136.461674,"[OrderedDict([('lat', '-12.18652'), ('lon', '136.78201'), ('name', 'Nhulunbuy'), ('admin1', 'Northern Territory'), ('admin2', 'East Arnhem'), ('cc', 'AU')])]"
244,-11.76568,136.836816,"[OrderedDict([('lat', '-12.18652'), ('lon', '136.78201'), ('name', 'Nhulunbuy'), ('admin1', 'Northern Territory'), ('admin2', 'East Arnhem'), ('cc', 'AU')])]"
245,-12.314496,137.251217,"[OrderedDict([('lat', '-12.18652'), ('lon', '136.78201'), ('name', 'Nhulunbuy'), ('admin1', 'Northern Territory'), ('admin2', 'East Arnhem'), ('cc', 'AU')])]"
246,-12.81274,137.62961,"[OrderedDict([('lat', '-12.18652'), ('lon', '136.78201'), ('name', 'Nhulunbuy'), ('admin1', 'Northern Territory'), ('admin2', 'East Arnhem'), ('cc', 'AU')])]"
247,-13.360023,138.047754,"[OrderedDict([('lat', '-13.85413'), ('lon', '136.42129'), ('name', 'Alyangula'), ('admin1', 'Northern Territory'), ('admin2', ''), ('cc', 'AU')])]"
248,-13.856808,138.429725,"[OrderedDict([('lat', '-13.85413'), ('lon', '136.42129'), ('name', 'Alyangula'), ('admin1', 'Northern Territory'), ('admin2', ''), ('cc', 'AU')])]"
249,-14.402414,138.851981,"[OrderedDict([('lat', '-13.85413'), ('lon', '136.42129'), ('name', 'Alyangula'), ('admin1', 'Northern Territory'), ('admin2', ''), ('cc', 'AU')])]"
250,-14.897606,139.237832,"[OrderedDict([('lat', '-13.85413'), ('lon', '136.42129'), ('name', 'Alyangula'), ('admin1', 'Northern Territory'), ('admin2', ''), ('cc', 'AU')])]"
251,-15.441386,139.664541,"[OrderedDict([('lat', '-12.62346'), ('lon', '141.87883'), ('name', 'Weipa'), ('admin1', 'Queensland'), ('admin2', 'Cook'), ('cc', 'AU')])]"
252,-15.934848,140.0546,"[OrderedDict([('lat', '-12.62346'), ('lon', '141.87883'), ('name', 'Weipa'), ('admin1', 'Queensland'), ('admin2', 'Cook'), ('cc', 'AU')])]"
253,-16.476648,140.486131,"[OrderedDict([('lat', '-12.62346'), ('lon', '141.87883'), ('name', 'Weipa'), ('admin1', 'Queensland'), ('admin2', 'Cook'), ('cc', 'AU')])]"
254,-16.968239,140.880739,"[OrderedDict([('lat', '-20.70718'), ('lon', '140.51303'), ('name', 'Cloncurry'), ('admin1', 'Queensland'), ('admin2', 'Cloncurry'), ('cc', 'AU')])]"
255,-17.507899,141.317461,"[OrderedDict([('lat', '-20.70718'), ('lon', '140.51303'), ('name', 'Cloncurry'), ('admin1', 'Queensland'), ('admin2', 'Cloncurry'), ('cc', 'AU')])]"
256,-17.997472,141.716959,"[OrderedDict([('lat', '-20.70718'), ('lon', '140.51303'), ('name', 'Cloncurry'), ('admin1', 'Queensland'), ('admin2', 'Cloncurry'), ('cc', 'AU')])]"
257,-18.53483,142.159241,"[OrderedDict([('lat', '-20.70718'), ('lon', '140.51303'), ('name', 'Cloncurry'), ('admin1', 'Queensland'), ('admin2', 'Cloncurry'), ('cc', 'AU')])]"
258,-19.022232,142.563984,"[OrderedDict([('lat', '-20.84399'), ('lon', '144.20035'), ('name', 'Hughenden'), ('admin1', 'Queensland'), ('admin2', 'Flinders'), ('cc', 'AU')])]"
259,-19.557116,143.012222,"[OrderedDict([('lat', '-20.84399'), ('lon', '144.20035'), ('name', 'Hughenden'), ('admin1', 'Queensland'), ('admin2', 'Flinders'), ('cc', 'AU')])]"
260,-20.042191,143.422566,"[OrderedDict([('lat', '-20.84399'), ('lon', '144.20035'), ('name', 'Hughenden'), ('admin1', 'Queensland'), ('admin2', 'Flinders'), ('cc', 'AU')])]"
261,-20.574423,143.87717,"[OrderedDict([('lat', '-20.84399'), ('lon', '144.20035'), ('name', 'Hughenden'), ('admin1', 'Queensland'), ('admin2', 'Flinders'), ('cc', 'AU')])]"
262,-21.057007,144.293484,"[OrderedDict([('lat', '-20.84399'), ('lon', '144.20035'), ('name', 'Hughenden'), ('admin1', 'Queensland'), ('admin2', 'Flinders'), ('cc', 'AU')])]"
263,-21.586405,144.754849,"[OrderedDict([('lat', '-20.84399'), ('lon', '144.20035'), ('name', 'Hughenden'), ('admin1', 'Queensland'), ('admin2', 'Flinders'), ('cc', 'AU')])]"
264,-22.114243,145.219944,"[OrderedDict([('lat', '-20.84399'), ('lon', '144.20035'), ('name', 'Hughenden'), ('admin1', 'Queensland'), ('admin2', 'Flinders'), ('cc', 'AU')])]"
265,-22.592698,145.646066,"[OrderedDict([('lat', '-20.84399'), ('lon', '144.20035'), ('name', 'Hughenden'), ('admin1', 'Queensland'), ('admin2', 'Flinders'), ('cc', 'AU')])]"
266,-23.117407,146.118578,"[OrderedDict([('lat', '-23.52296'), ('lon', '148.15784'), ('name', 'Emerald'), ('admin1', 'Queensland'), ('admin2', 'Central Highlands'), ('cc', 'AU')])]"
267,-23.592925,146.55164,"[OrderedDict([('lat', '-23.52296'), ('lon', '148.15784'), ('name', 'Emerald'), ('admin1', 'Queensland'), ('admin2', 'Central Highlands'), ('cc', 'AU')])]"
268,-24.1143,147.032007,"[OrderedDict([('lat', '-23.52296'), ('lon', '148.15784'), ('name', 'Emerald'), ('admin1', 'Queensland'), ('admin2', 'Central Highlands'), ('cc', 'AU')])]"
269,-24.586693,147.472418,"[OrderedDict([('lat', '-23.52296'), ('lon', '148.15784'), ('name', 'Emerald'), ('admin1', 'Queensland'), ('admin2', 'Central Highlands'), ('cc', 'AU')])]"
270,-25.104523,147.96109,"[OrderedDict([('lat', '-23.52296'), ('lon', '148.15784'), ('name', 'Emerald'), ('admin1', 'Queensland'), ('admin2', 'Central Highlands'), ('cc', 'AU')])]"
271,-25.573591,148.40926,"[OrderedDict([('lat', '-26.56741'), ('lon', '148.78751'), ('name', 'Roma'), ('admin1', 'Queensland'), ('admin2', 'Maranoa'), ('cc', 'AU')])]"
272,-26.087651,148.906703,"[OrderedDict([('lat', '-26.56741'), ('lon', '148.78751'), ('name', 'Roma'), ('admin1', 'Queensland'), ('admin2', 'Maranoa'), ('cc', 'AU')])]"
273,-26.553189,149.363055,"[OrderedDict([('lat', '-26.56741'), ('lon', '148.78751'), ('name', 'Roma'), ('admin1', 'Queensland'), ('admin2', 'Maranoa'), ('cc', 'AU')])]"
274,-27.016969,149.823478,"[OrderedDict([('lat', '-26.8'), ('lon', '150.15'), ('name', 'Westcourt'), ('admin1', 'Queensland'), ('admin2', 'Western Downs'), ('cc', 'AU')])]"
275,-27.525039,150.334731,"[OrderedDict([('lat', '-26.8'), ('lon', '150.15'), ('name', 'Westcourt'), ('admin1', 'Queensland'), ('admin2', 'Western Downs'), ('cc', 'AU')])]"
276,-28.030854,150.851148,"[OrderedDict([('lat', '-28.54709'), ('lon', '150.30546'), ('name', 'Goondiwindi'), ('admin1', 'Queensland'), ('admin2', 'Goondiwindi'), ('cc', 'AU')])]"
277,-28.488671,151.325204,"[OrderedDict([('lat', '-28.65425'), ('lon', '151.93388'), ('name', 'Stanthorpe'), ('admin1', 'Queensland'), ('admin2', 'Southern Downs'), ('cc', 'AU')])]"
278,-28.989987,151.851853,"[OrderedDict([('lat', '-28.82272'), ('lon', '152.10305'), ('name', 'Carrolls Creek'), ('admin1', 'New South Wales'), ('admin2', 'Tenterfield Municipality'), ('cc', 'AU')])]"
279,-29.443593,152.335444,"[OrderedDict([('lat', '-29.3'), ('lon', '152.71667'), ('name', 'Gordon'), ('admin1', 'New South Wales'), ('admin2', 'Clarence Valley'), ('cc', 'AU')])]"
280,-29.940144,152.87283,"[OrderedDict([('lat', '-29.82619'), ('lon', '152.89156'), ('name', 'Coutts Crossing'), ('admin1', 'New South Wales'), ('admin2', 'Clarence Valley'), ('cc', 'AU')])]"
281,-30.389291,153.36642,"[OrderedDict([('lat', '-30.36459'), ('lon', '153.10141'), ('name', 'Sawtell'), ('admin1', 'New South Wales'), ('admin2', 'Coffs Harbour'), ('cc', 'AU')])]"
282,-30.880795,153.915075,"[OrderedDict([('lat', '-30.64318'), ('lon', '153.00884'), ('name', 'Nambucca Heads'), ('admin1', 'New South Wales'), ('admin2', 'Nambucca Shire'), ('cc', 'AU')])]"
283,-31.325225,154.419143,"[OrderedDict([('lat', '-31.1887'), ('lon', '152.97301'), ('name', 'Crescent Head'), ('admin1', 'New South Wales'), ('admin2', 'Kempsey'), ('cc', 'AU')])]"
284,-31.811387,154.979601,"[OrderedDict([('lat', '-31.1887'), ('lon', '152.97301'), ('name', 'Crescent Head'), ('admin1', 'New South Wales'), ('admin2', 'Kempsey'), ('cc', 'AU')])]"
285,-32.250825,155.494639,"[OrderedDict([('lat', '-31.43084'), ('lon', '152.90894'), ('name', 'Port Macquarie'), ('admin1', 'New South Wales'), ('admin2', 'Port Macquarie-Hastings'), ('cc', 'AU')])]"
286,-32.731342,156.067432,"[OrderedDict([('lat', '-31.43084'), ('lon', '152.90894'), ('name', 'Port Macquarie'), ('admin1', 'New South Wales'), ('admin2', 'Port Macquarie-Hastings'), ('cc', 'AU')])]"
287,-33.1655,156.593944,"[OrderedDict([('lat', '-31.43084'), ('lon', '152.90894'), ('name', 'Port Macquarie'), ('admin1', 'New South Wales'), ('admin2', 'Port Macquarie-Hastings'), ('cc', 'AU')])]"
288,-33.640048,157.179633,"[OrderedDict([('lat', '-31.6368'), ('lon', '152.81357'), ('name', 'North Haven'), ('admin1', 'New South Wales'), ('admin2', 'Port Macquarie-Hastings'), ('cc', 'AU')])]"
289,-34.068628,157.718111,"[OrderedDict([('lat', '-31.6368'), ('lon', '152.81357'), ('name', 'North Haven'), ('admin1', 'New South Wales'), ('admin2', 'Port Macquarie-Hastings'), ('cc', 'AU')])]"
290,-34.536872,158.317242,"[OrderedDict([('lat', '-31.6368'), ('lon', '152.81357'), ('name', 'North Haven'), ('admin1', 'New South Wales'), ('admin2', 'Port Macquarie-Hastings'), ('cc', 'AU')])]"
291,-34.959562,158.868206,"[OrderedDict([('lat', '-31.87227'), ('lon', '152.69174'), ('name', 'Harrington'), ('admin1', 'New South Wales'), ('admin2', 'Greater Taree'), ('cc', 'AU')])]"
292,-35.421142,159.481338,"[OrderedDict([('lat', '-31.87227'), ('lon', '152.69174'), ('name', 'Harrington'), ('admin1', 'New South Wales'), ('admin2', 'Greater Taree'), ('cc', 'AU')])]"
293,-35.83761,160.045307,"[OrderedDict([('lat', '-31.87227'), ('lon', '152.69174'), ('name', 'Harrington'), ('admin1', 'New South Wales'), ('admin2', 'Greater Taree'), ('cc', 'AU')])]"
294,-36.292162,160.673015,"[OrderedDict([('lat', '-31.87227'), ('lon', '152.69174'), ('name', 'Harrington'), ('admin1', 'New South Wales'), ('admin2', 'Greater Taree'), ('cc', 'AU')])]"
295,-36.702066,161.25048,"[OrderedDict([('lat', '-31.87227'), ('lon', '152.69174'), ('name', 'Harrington'), ('admin1', 'New South Wales'), ('admin2', 'Greater Taree'), ('cc', 'AU')])]"
296,-37.149197,161.893337,"[OrderedDict([('lat', '-45.41667'), ('lon', '167.71667'), ('name', 'Te Anau'), ('admin1', 'Southland'), ('admin2', 'Southland District'), ('cc', 'NZ')])]"
297,-37.552175,162.484818,"[OrderedDict([('lat', '-45.41667'), ('lon', '167.71667'), ('name', 'Te Anau'), ('admin1', 'Southland'), ('admin2', 'Southland District'), ('cc', 'NZ')])]"
298,-37.991483,163.143371,"[OrderedDict([('lat', '-45.41667'), ('lon', '167.71667'), ('name', 'Te Anau'), ('admin1', 'Southland'), ('admin2', 'Southland District'), ('cc', 'NZ')])]"
299,-38.387156,163.749387,"[OrderedDict([('lat', '-45.41667'), ('lon', '167.71667'), ('name', 'Te Anau'), ('admin1', 'Southland'), ('admin2', 'Southland District'), ('cc', 'NZ')])]"
300,-38.818219,164.424196,"[OrderedDict([('lat', '-45.41667'), ('lon', '167.71667'), ('name', 'Te Anau'), ('admin1', 'Southland'), ('admin2', 'Southland District'), ('cc', 'NZ')])]"
301,-39.206198,165.045224,"[OrderedDict([('lat', '-45.41667'), ('lon', '167.71667'), ('name', 'Te Anau'), ('admin1', 'Southland'), ('admin2', 'Southland District'), ('cc', 'NZ')])]"
302,-39.62857,165.736835,"[OrderedDict([('lat', '-42.71667'), ('lon', '170.96667'), ('name', 'Hokitika'), ('admin1', 'West Coast'), ('admin2', 'Westland District'), ('cc', 'NZ')])]"
303,-40.008438,166.373381,"[OrderedDict([('lat', '-42.71667'), ('lon', '170.96667'), ('name', 'Hokitika'), ('admin1', 'West Coast'), ('admin2', 'Westland District'), ('cc', 'NZ')])]"
304,-40.421661,167.0823,"[OrderedDict([('lat', '-42.71667'), ('lon', '170.96667'), ('name', 'Hokitika'), ('admin1', 'West Coast'), ('admin2', 'Westland District'), ('cc', 'NZ')])]"
305,-40.829901,167.800495,"[OrderedDict([('lat', '-42.71667'), ('lon', '170.96667'), ('name', 'Hokitika'), ('admin1', 'West Coast'), ('admin2', 'Westland District'), ('cc', 'NZ')])]"
306,39.03295,-27.04388,"[OrderedDict([('lat', '38.73333'), ('lon', '-27.06667'), ('name', 'Praia da Vitoria'), ('admin1', 'Azores'), ('admin2', 'Praia da Vitoria'), ('cc', 'PT')])]"
307,39.458047,-26.35444,"[OrderedDict([('lat', '38.73333'), ('lon', '-27.06667'), ('name', 'Praia da Vitoria'), ('admin1', 'Azores'), ('admin2', 'Praia da Vitoria'), ('cc', 'PT')])]"
308,39.840429,-25.719873,"[OrderedDict([('lat', '38.73333'), ('lon', '-27.06667'), ('name', 'Praia da Vitoria'), ('admin1', 'Azores'), ('admin2', 'Praia da Vitoria'), ('cc', 'PT')])]"
309,40.256455,-25.013129,"[OrderedDict([('lat', '37.77567'), ('lon', '-25.31035'), ('name', 'Furnas'), ('admin1', 'Azores'), ('admin2', 'Povoacao'), ('cc', 'PT')])]"
310,40.630374,-24.362595,"[OrderedDict([('lat', '37.77567'), ('lon', '-25.31035'), ('name', 'Furnas'), ('admin1', 'Azores'), ('admin2', 'Povoacao'), ('cc', 'PT')])]"
311,41.036845,-23.63804,"[OrderedDict([('lat', '37.77567'), ('lon', '-25.31035'), ('name', 'Furnas'), ('admin1', 'Azores'), ('admin2', 'Povoacao'), ('cc', 'PT')])]"
312,41.401854,-22.971089,"[OrderedDict([('lat', '37.77567'), ('lon', '-25.31035'), ('name', 'Furnas'), ('admin1', 'Azores'), ('admin2', 'Povoacao'), ('cc', 'PT')])]"
313,41.798275,-22.228239,"[OrderedDict([('lat', '37.77567'), ('lon', '-25.31035'), ('name', 'Furnas'), ('admin1', 'Azores'), ('admin2', 'Povoacao'), ('cc', 'PT')])]"
314,42.153916,-21.544452,"[OrderedDict([('lat', '37.77567'), ('lon', '-25.31035'), ('name', 'Furnas'), ('admin1', 'Azores'), ('admin2', 'Povoacao'), ('cc', 'PT')])]"
315,42.539767,-20.782862,"[OrderedDict([('lat', '37.77567'), ('lon', '-25.31035'), ('name', 'Furnas'), ('admin1', 'Azores'), ('admin2', 'Povoacao'), ('cc', 'PT')])]"
316,42.885559,-20.081851,"[OrderedDict([('lat', '37.77567'), ('lon', '-25.31035'), ('name', 'Furnas'), ('admin1', 'Azores'), ('admin2', 'Povoacao'), ('cc', 'PT')])]"
317,43.260311,-19.301123,"[OrderedDict([('lat', '37.77567'), ('lon', '-25.31035'), ('name', 'Furnas'), ('admin1', 'Azores'), ('admin2', 'Povoacao'), ('cc', 'PT')])]"
318,43.595762,-18.582547,"[OrderedDict([('lat', '37.77567'), ('lon', '-25.31035'), ('name', 'Furnas'), ('admin1', 'Azores'), ('admin2', 'Povoacao'), ('cc', 'PT')])]"
319,43.958862,-17.782331,"[OrderedDict([('lat', '42.90492'), ('lon', '-9.26289'), ('name', 'Fisterra'), ('admin1', 'Galicia'), ('admin2', 'Provincia da Coruna'), ('cc', 'ES')])]"
320,44.283467,-17.045903,"[OrderedDict([('lat', '42.90492'), ('lon', '-9.26289'), ('name', 'Fisterra'), ('admin1', 'Galicia'), ('admin2', 'Provincia da Coruna'), ('cc', 'ES')])]"
321,44.634347,-16.225917,"[OrderedDict([('lat', '43.10414'), ('lon', '-9.21791'), ('name', 'Mugia'), ('admin1', 'Galicia'), ('admin2', 'Provincia da Coruna'), ('cc', 'ES')])]"
322,44.94758,-15.47141,"[OrderedDict([('lat', '43.10414'), ('lon', '-9.21791'), ('name', 'Mugia'), ('admin1', 'Galicia'), ('admin2', 'Provincia da Coruna'), ('cc', 'ES')])]"
323,45.285664,-14.63144,"[OrderedDict([('lat', '43.10414'), ('lon', '-9.21791'), ('name', 'Mugia'), ('admin1', 'Galicia'), ('admin2', 'Provincia da Coruna'), ('cc', 'ES')])]"
324,45.586995,-13.858699,"[OrderedDict([('lat', '43.10414'), ('lon', '-9.21791'), ('name', 'Mugia'), ('admin1', 'Galicia'), ('admin2', 'Provincia da Coruna'), ('cc', 'ES')])]"
325,45.911688,-12.998618,"[OrderedDict([('lat', '43.10414'), ('lon', '-9.21791'), ('name', 'Mugia'), ('admin1', 'Galicia'), ('admin2', 'Provincia da Coruna'), ('cc', 'ES')])]"
326,46.200574,-12.207567,"[OrderedDict([('lat', '43.10414'), ('lon', '-9.21791'), ('name', 'Mugia'), ('admin1', 'Galicia'), ('admin2', 'Provincia da Coruna'), ('cc', 'ES')])]"
327,46.51128,-11.327343,"[OrderedDict([('lat', '43.13115'), ('lon', '-9.18172'), ('name', 'Camarinas'), ('admin1', 'Galicia'), ('admin2', 'Provincia da Coruna'), ('cc', 'ES')])]"
328,46.787171,-10.518,"[OrderedDict([('lat', '43.3228'), ('lon', '-8.81052'), ('name', 'Malpica'), ('admin1', 'Galicia'), ('admin2', 'Provincia da Coruna'), ('cc', 'ES')])]"
329,47.083277,-9.617704,"[OrderedDict([('lat', '43.66044'), ('lon', '-8.05719'), ('name', 'Cedeira'), ('admin1', 'Galicia'), ('admin2', 'Provincia da Coruna'), ('cc', 'ES')])]"
330,47.345625,-8.790187,"[OrderedDict([('lat', '49.91447'), ('lon', '-6.31145'), ('name', 'Hugh Town'), ('admin1', 'England'), ('admin2', 'Isles of Scilly'), ('cc', 'GB')])]"
331,47.626523,-7.87001,"[OrderedDict([('lat', '49.91447'), ('lon', '-6.31145'), ('name', 'Hugh Town'), ('admin1', 'England'), ('admin2', 'Isles of Scilly'), ('cc', 'GB')])]"
332,47.87477,-7.024549,"[OrderedDict([('lat', '49.91447'), ('lon', '-6.31145'), ('name', 'Hugh Town'), ('admin1', 'England'), ('admin2', 'Isles of Scilly'), ('cc', 'GB')])]"
333,48.139856,-6.084807,"[OrderedDict([('lat', '48.36053'), ('lon', '-4.77086'), ('name', 'Le Conquet'), ('admin1', 'Brittany'), ('admin2', 'Departement du Finistere'), ('cc', 'FR')])]"
334,48.373449,-5.22175,"[OrderedDict([('lat', '48.36053'), ('lon', '-4.77086'), ('name', 'Le Conquet'), ('admin1', 'Brittany'), ('admin2', 'Departement du Finistere'), ('cc', 'FR')])]"
335,48.622119,-4.262898,"[OrderedDict([('lat', '48.61667'), ('lon', '-4.3'), ('name', 'Plouider'), ('admin1', 'Brittany'), ('admin2', 'Departement du Finistere'), ('cc', 'FR')])]"
336,48.840518,-3.382724,"[OrderedDict([('lat', '48.81071'), ('lon', '-3.37141'), ('name', 'Trelevern'), ('admin1', 'Brittany'), ('admin2', ""Departement des Cotes-d'Armor""), ('cc', 'FR')])]"
337,49.072177,-2.405362,"[OrderedDict([('lat', '49.18804'), ('lon', '-2.10491'), ('name', 'Saint Helier'), ('admin1', 'St Helier'), ('admin2', ''), ('cc', 'JE')])]"
338,49.274849,-1.508683,"[OrderedDict([('lat', '49.28973'), ('lon', '-1.54324'), ('name', 'La Haye-du-Puits'), ('admin1', 'Lower Normandy'), ('admin2', 'Departement de la Manche'), ('cc', 'FR')])]"
339,49.488925,-0.513562,"[OrderedDict([('lat', '49.32987'), ('lon', '-0.53118'), ('name', 'Ver-sur-Mer'), ('admin1', 'Lower Normandy'), ('admin2', 'Departement du Calvados'), ('cc', 'FR')])]"
340,49.675355,0.398867,"[OrderedDict([('lat', '49.66667'), ('lon', '0.4'), ('name', 'Bretteville-du-Grand-Caux'), ('admin1', 'Haute-Normandie'), ('admin2', 'Departement de la Seine-Maritime'), ('cc', 'FR')])]"
341,49.871289,1.410838,"[OrderedDict([('lat', '49.83187'), ('lon', '1.40232'), ('name', 'Londinieres'), ('admin1', 'Haute-Normandie'), ('admin2', 'Departement de la Seine-Maritime'), ('cc', 'FR')])]"
342,50.057507,2.43122,"[OrderedDict([('lat', '50.08526'), ('lon', '2.39276'), ('name', 'Beauquesne'), ('admin1', 'Picardie'), ('admin2', 'Departement de la Somme'), ('cc', 'FR')])]"
343,50.218252,3.365874,"[OrderedDict([('lat', '50.20069'), ('lon', '3.35232'), ('name', 'Rieux-en-Cambresis'), ('admin1', 'Nord-Pas-de-Calais'), ('admin2', 'Departement du Nord'), ('cc', 'FR')])]"
344,50.385541,4.401417,"[OrderedDict([('lat', '50.41136'), ('lon', '4.44448'), ('name', 'Charleroi'), ('admin1', 'Wallonia'), ('admin2', 'Province du Hainaut'), ('cc', 'BE')])]"
345,50.528852,5.349279,"[OrderedDict([('lat', '50.54829'), ('lon', '5.30974'), ('name', 'Amay'), ('admin1', 'Wallonia'), ('admin2', 'Province de Liege'), ('cc', 'BE')])]"
346,50.676735,6.398679,"[OrderedDict([('lat', '50.71667'), ('lon', '6.36667'), ('name', 'Hurtgenwald'), ('admin1', 'North Rhine-Westphalia'), ('admin2', 'Regierungsbezirk Koln'), ('cc', 'DE')])]"
347,50.802203,7.358492,"[OrderedDict([('lat', '50.77555'), ('lon', '7.28308'), ('name', 'Hennef'), ('admin1', 'North Rhine-Westphalia'), ('admin2', 'Regierungsbezirk Koln'), ('cc', 'DE')])]"
348,50.930245,8.420293,"[OrderedDict([('lat', '50.93139'), ('lon', '8.42502'), ('name', 'Bad Laasphe'), ('admin1', 'North Rhine-Westphalia'), ('admin2', 'Regierungsbezirk Arnsberg'), ('cc', 'DE')])]"
349,51.037499,9.39067,"[OrderedDict([('lat', '51.02994'), ('lon', '9.40261'), ('name', 'Homberg'), ('admin1', 'Hesse'), ('admin2', 'Regierungsbezirk Kassel'), ('cc', 'DE')])]"
350,51.145321,10.463277,"[OrderedDict([('lat', '51.13333'), ('lon', '10.45'), ('name', 'Oppershausen'), ('admin1', 'Thuringia'), ('admin2', ''), ('cc', 'DE')])]"
351,51.234031,11.442709,"[OrderedDict([('lat', '51.26586'), ('lon', '11.41282'), ('name', 'Wiehe'), ('admin1', 'Thuringia'), ('admin2', ''), ('cc', 'DE')])]"
352,51.321297,12.524399,"[OrderedDict([('lat', '51.35'), ('lon', '12.53333'), ('name', 'Borsdorf'), ('admin1', 'Saxony'), ('admin2', ''), ('cc', 'DE')])]"
353,51.39119,13.511268,"[OrderedDict([('lat', '51.4'), ('lon', '13.53333'), ('name', 'Merzdorf'), ('admin1', 'Brandenburg'), ('admin2', ''), ('cc', 'DE')])]"
354,51.457631,14.600211,"[OrderedDict([('lat', '51.40373'), ('lon', '14.57598'), ('name', 'Boxberg'), ('admin1', 'Saxony'), ('admin2', ''), ('cc', 'DE')])]"
355,51.508489,15.592808,"[OrderedDict([('lat', '51.56563'), ('lon', '15.53664'), ('name', 'Szprotawa'), ('admin1', 'Lubusz'), ('admin2', 'Powiat zaganski'), ('cc', 'PL')])]"
356,51.553889,16.687083,"[OrderedDict([('lat', '51.56224'), ('lon', '16.69059'), ('name', 'Wasosz'), ('admin1', 'Lower Silesian Voivodeship'), ('admin2', 'Powiat gorowski'), ('cc', 'PL')])]"
357,51.585543,17.683628,"[OrderedDict([('lat', '51.57419'), ('lon', '17.67434'), ('name', 'Odolanow'), ('admin1', 'Greater Poland Voivodeship'), ('admin2', 'Powiat ostrowski'), ('cc', 'PL')])]"
358,51.60976,18.781241,"[OrderedDict([('lat', '51.59584'), ('lon', '18.73023'), ('name', 'Sieradz'), ('admin1', 'Lodz Voivodeship'), ('admin2', 'Powiat sieradzki'), ('cc', 'PL')])]"
359,51.622843,19.879797,"[OrderedDict([('lat', '51.59781'), ('lon', '19.92225'), ('name', 'Ujazd'), ('admin1', 'Lodz Voivodeship'), ('admin2', 'Powiat tomaszowski'), ('cc', 'PL')])]"
360,51.625066,20.878826,"[OrderedDict([('lat', '51.62494'), ('lon', '20.81394'), ('name', 'Wysmierzyce'), ('admin1', 'Masovian Voivodeship'), ('admin2', 'Powiat bialobrzeski'), ('cc', 'PL')])]"
361,51.616873,21.977618,"[OrderedDict([('lat', '51.62574'), ('lon', '21.93274'), ('name', 'Ryki'), ('admin1', 'Lublin Voivodeship'), ('admin2', 'Powiat rycki'), ('cc', 'PL')])]"
362,51.59976,22.97593,"[OrderedDict([('lat', '51.59446'), ('lon', '23.0064'), ('name', 'Debowa Kloda'), ('admin1', 'Lublin Voivodeship'), ('admin2', 'Powiat parczewski'), ('cc', 'PL')])]"
363,51.570315,24.072908,"[OrderedDict([('lat', '51.50208'), ('lon', '23.93806'), ('name', ""Shats'k""), ('admin1', 'Volyn'), ('admin2', ''), ('cc', 'UA')])]"
364,51.533921,25.068649,"[OrderedDict([('lat', '51.62412'), ('lon', '24.95864'), ('name', ""Kamin'-Kashyrs'kyy""), ('admin1', 'Volyn'), ('admin2', ''), ('cc', 'UA')])]"
365,51.483323,26.161793,"[OrderedDict([('lat', '51.4213'), ('lon', '26.14469'), ('name', ""Volodymyrets'""), ('admin1', 'Rivne'), ('admin2', ''), ('cc', 'UA')])]"
366,51.427759,27.153142,"[OrderedDict([('lat', '51.2796'), ('lon', '27.214'), ('name', 'Rokytne'), ('admin1', 'Rivne'), ('admin2', ''), ('cc', 'UA')])]"
367,51.356168,28.240474,"[OrderedDict([('lat', '51.11548'), ('lon', '28.05463'), ('name', 'Novi Bilokorovychi'), ('admin1', 'Zhytomyr'), ('admin2', ''), ('cc', 'UA')])]"
368,51.281617,29.225666,"[OrderedDict([('lat', '51.20286'), ('lon', '29.08228'), ('name', 'Narodychi'), ('admin1', 'Zhytomyr'), ('admin2', ''), ('cc', 'UA')])]"
369,51.189259,30.305286,"[OrderedDict([('lat', '51.38495'), ('lon', '30.19978'), ('name', 'Kryva Hora'), ('admin1', 'Kiev'), ('admin2', ''), ('cc', 'UA')])]"
370,51.095955,31.282635,"[OrderedDict([('lat', '51.22266'), ('lon', '31.33314'), ('name', 'Olyshivka'), ('admin1', 'Chernihiv'), ('admin2', ''), ('cc', 'UA')])]"
371,50.983121,32.352735,"[OrderedDict([('lat', '50.86258'), ('lon', '32.39425'), ('name', 'Ichnya'), ('admin1', 'Chernihiv'), ('admin2', ''), ('cc', 'UA')])]"
372,50.871348,33.320648,"[OrderedDict([('lat', '50.83913'), ('lon', '33.14374'), ('name', 'Talalayivka'), ('admin1', 'Chernihiv'), ('admin2', ''), ('cc', 'UA')])]"
373,50.738381,34.379535,"[OrderedDict([('lat', '50.58518'), ('lon', '34.4849'), ('name', 'Lebedyn'), ('admin1', 'Sumy'), ('admin2', ''), ('cc', 'UA')])]"
374,50.608481,35.33653,"[OrderedDict([('lat', '50.63486'), ('lon', '35.3134'), ('name', 'Mezenivka'), ('admin1', 'Sumy'), ('admin2', ''), ('cc', 'UA')])]"
375,50.455779,36.382645,"[OrderedDict([('lat', '50.51988'), ('lon', '36.45878'), ('name', 'Mayskiy'), ('admin1', 'Belgorod'), ('admin2', ''), ('cc', 'RU')])]"
376,50.308134,37.327366,"[OrderedDict([('lat', '50.16273'), ('lon', '37.34524'), ('name', 'Prykolotne'), ('admin1', 'Kharkiv'), ('admin2', ''), ('cc', 'UA')])]"
377,50.136136,38.359292,"[OrderedDict([('lat', '50.1521'), ('lon', '38.4492'), ('name', 'Veydelevka'), ('admin1', 'Belgorod'), ('admin2', ''), ('cc', 'RU')])]"
378,49.954224,39.383267,"[OrderedDict([('lat', '50.19828'), ('lon', '39.56726'), ('name', ""Rossosh'""), ('admin1', 'Voronezj'), ('admin2', ''), ('cc', 'RU')])]"
379,49.780362,40.306982,"[OrderedDict([('lat', '49.93577'), ('lon', '40.545'), ('name', 'Boguchar'), ('admin1', 'Voronezj'), ('admin2', ''), ('cc', 'RU')])]"
380,49.579909,41.314896,"[OrderedDict([('lat', '49.79333'), ('lon', '41.14667'), ('name', 'Kazanskaya'), ('admin1', 'Rostov'), ('admin2', ''), ('cc', 'RU')])]"
381,49.389433,42.223523,"[OrderedDict([('lat', '49.00912'), ('lon', '42.12178'), ('name', 'Sovetskaya'), ('admin1', 'Rostov'), ('admin2', ''), ('cc', 'RU')])]"
382,49.170976,43.214347,"[OrderedDict([('lat', '49.31455'), ('lon', '43.05844'), ('name', 'Kletskaya'), ('admin1', 'Volgograd'), ('admin2', ''), ('cc', 'RU')])]"
383,48.964383,44.107026,"[OrderedDict([('lat', '48.67685'), ('lon', '44.06081'), ('name', 'Novyy Rogachik'), ('admin1', 'Volgograd'), ('admin2', ''), ('cc', 'RU')])]"
384,48.750294,44.991849,"[OrderedDict([('lat', '48.7048'), ('lon', '45.0229'), ('name', 'Zaplavnoye'), ('admin1', 'Volgograd'), ('admin2', ''), ('cc', 'RU')])]"
385,48.506286,45.955903,"[OrderedDict([('lat', '48.58175'), ('lon', '45.74481'), ('name', 'Kapustin Yar'), ('admin1', 'Astrakhan'), ('admin2', ''), ('cc', 'RU')])]"
386,48.276856,46.823764,"[OrderedDict([('lat', '48.21978'), ('lon', '46.83105'), ('name', 'Nizhniy Baskunchak'), ('admin1', 'Astrakhan'), ('admin2', ''), ('cc', 'RU')])]"
387,48.016267,47.768861,"[OrderedDict([('lat', '47.41958'), ('lon', '47.25678'), ('name', 'Kharabali'), ('admin1', 'Astrakhan'), ('admin2', ''), ('cc', 'RU')])]"
388,47.77203,48.619247,"[OrderedDict([('lat', '48.03333'), ('lon', '48.9'), ('name', 'Shalkar'), ('admin1', 'Atyrau'), ('admin2', ''), ('cc', 'KZ')])]"
389,47.495459,49.544891,"[OrderedDict([('lat', '48.03333'), ('lon', '48.9'), ('name', 'Shalkar'), ('admin1', 'Atyrau'), ('admin2', ''), ('cc', 'KZ')])]"
390,47.23697,50.377416,"[OrderedDict([('lat', '47.66667'), ('lon', '51.58333'), ('name', 'Makhambet'), ('admin1', 'Atyrau'), ('admin2', ''), ('cc', 'KZ')])]"
391,46.945024,51.283256,"[OrderedDict([('lat', '47.06667'), ('lon', '51.86667'), ('name', 'Balyqshy'), ('admin1', 'Atyrau'), ('admin2', ''), ('cc', 'KZ')])]"
392,46.672834,52.097657,"[OrderedDict([('lat', '47.06667'), ('lon', '51.86667'), ('name', 'Balyqshy'), ('admin1', 'Atyrau'), ('admin2', ''), ('cc', 'KZ')])]"
393,46.366121,52.983464,"[OrderedDict([('lat', '46.43528'), ('lon', '53.48639'), ('name', 'Qaraton'), ('admin1', 'Atyrau'), ('admin2', ''), ('cc', 'KZ')])]"
394,46.080783,53.779598,"[OrderedDict([('lat', '46.43528'), ('lon', '53.48639'), ('name', 'Qaraton'), ('admin1', 'Atyrau'), ('admin2', ''), ('cc', 'KZ')])]"
395,45.759911,54.64527,"[OrderedDict([('lat', '45.31667'), ('lon', '55.2'), ('name', 'Beyneu'), ('admin1', 'Mangghystau'), ('admin2', ''), ('cc', 'KZ')])]"
396,45.461982,55.423088,"[OrderedDict([('lat', '45.31667'), ('lon', '55.2'), ('name', 'Beyneu'), ('admin1', 'Mangghystau'), ('admin2', ''), ('cc', 'KZ')])]"
397,45.127552,56.268632,"[OrderedDict([('lat', '45.31667'), ('lon', '55.2'), ('name', 'Beyneu'), ('admin1', 'Mangghystau'), ('admin2', ''), ('cc', 'KZ')])]"
398,44.81757,57.028186,"[OrderedDict([('lat', '45.31667'), ('lon', '55.2'), ('name', 'Beyneu'), ('admin1', 'Mangghystau'), ('admin2', ''), ('cc', 'KZ')])]"
399,44.47018,57.853704,"[OrderedDict([('lat', '43.76833'), ('lon', '59.02139'), ('name', 'Muynoq'), ('admin1', 'Karakalpakstan'), ('admin2', ''), ('cc', 'UZ')])]"
400,44.14868,58.595127,"[OrderedDict([('lat', '43.77877'), ('lon', '59.03039'), ('name', ""Mo'ynoq Shahri""), ('admin1', 'Karakalpakstan'), ('admin2', ''), ('cc', 'UZ')])]"
401,43.788913,59.400803,"[OrderedDict([('lat', '43.77877'), ('lon', '59.03039'), ('name', ""Mo'ynoq Shahri""), ('admin1', 'Karakalpakstan'), ('admin2', ''), ('cc', 'UZ')])]"
402,43.456423,60.124304,"[OrderedDict([('lat', '43.02207'), ('lon', '60.01701'), ('name', ""Qorao'zak""), ('admin1', 'Karakalpakstan'), ('admin2', ''), ('cc', 'UZ')])]"
403,43.084847,60.910411,"[OrderedDict([('lat', '43.01171'), ('lon', '60.30111'), ('name', ""Taxtako'pir""), ('admin1', 'Karakalpakstan'), ('admin2', ''), ('cc', 'UZ')])]"
404,42.741876,61.616263,"[OrderedDict([('lat', '41.84607'), ('lon', '60.94744'), ('name', ""Bo'ston Shahri""), ('admin1', 'Karakalpakstan'), ('admin2', ''), ('cc', 'UZ')])]"
405,42.359047,62.38313,"[OrderedDict([('lat', '42.15001'), ('lon', '63.55221'), ('name', 'Uchquduq Shahri'), ('admin1', 'Navoiy'), ('admin2', 'Uchkuduk District'), ('cc', 'UZ')])]"
406,42.006094,63.071661,"[OrderedDict([('lat', '42.15001'), ('lon', '63.55221'), ('name', 'Uchquduq Shahri'), ('admin1', 'Navoiy'), ('admin2', 'Uchkuduk District'), ('cc', 'UZ')])]"
407,41.612552,63.819669,"[OrderedDict([('lat', '42.15001'), ('lon', '63.55221'), ('name', 'Uchquduq Shahri'), ('admin1', 'Navoiy'), ('admin2', 'Uchkuduk District'), ('cc', 'UZ')])]"
408,41.250094,64.491247,"[OrderedDict([('lat', '41.7508'), ('lon', '64.61711'), ('name', 'Tomdibuloq'), ('admin1', 'Navoiy'), ('admin2', ''), ('cc', 'UZ')])]"
409,40.846362,65.220834,"[OrderedDict([('lat', '40.56762'), ('lon', '65.67947'), ('name', 'Nurota Shahri'), ('admin1', 'Navoiy'), ('admin2', ''), ('cc', 'UZ')])]"
410,40.474871,65.875884,"[OrderedDict([('lat', '40.56139'), ('lon', '65.68861'), ('name', 'Nurota'), ('admin1', 'Navoiy'), ('admin2', ''), ('cc', 'UZ')])]"
411,40.061447,66.587521,"[OrderedDict([('lat', '39.96639'), ('lon', '66.48611'), ('name', 'Ishtixon'), ('admin1', 'Samarqand'), ('admin2', ''), ('cc', 'UZ')])]"
412,39.681371,67.226472,"[OrderedDict([('lat', '39.76472'), ('lon', '67.27139'), ('name', ""Bulung'ur""), ('admin1', 'Samarqand'), ('admin2', ''), ('cc', 'UZ')])]"
413,39.258742,67.920658,"[OrderedDict([('lat', '39.49524'), ('lon', '67.60931'), ('name', 'Panjakent'), ('admin1', 'Viloyati Sughd'), ('admin2', ''), ('cc', 'TJ')])]"
414,38.870514,68.543988,"[OrderedDict([('lat', '38.74457'), ('lon', '68.62702'), ('name', 'Khodzha-Maston'), ('admin1', ''), ('admin2', ''), ('cc', 'TJ')])]"
415,38.478547,69.160043,"[OrderedDict([('lat', '38.55632'), ('lon', '69.01354'), ('name', 'Vahdat'), ('admin1', 'Republican Subordination'), ('admin2', ''), ('cc', 'TJ')])]"
416,38.04318,69.82945,"[OrderedDict([('lat', '37.91459'), ('lon', '69.78454'), ('name', 'Kulob'), ('admin1', 'Khatlon'), ('admin2', ''), ('cc', 'TJ')])]"
417,37.643666,70.430602,"[OrderedDict([('lat', '37.52845'), ('lon', '70.4482'), ('name', 'March'), ('admin1', 'Badakhshan'), ('admin2', ''), ('cc', 'AF')])]"
418,37.200216,71.083896,"[OrderedDict([('lat', '37.00254'), ('lon', '70.90664'), ('name', 'Baharak'), ('admin1', 'Badakhshan'), ('admin2', ''), ('cc', 'AF')])]"
419,36.793546,71.670657,"[OrderedDict([('lat', '36.72484'), ('lon', '71.61331'), ('name', 'Ishqoshim'), ('admin1', 'Gorno-Badakhshan'), ('admin2', ''), ('cc', 'TJ')])]"
420,36.342426,72.308392,"[OrderedDict([('lat', '36.95127'), ('lon', '72.318'), ('name', 'Khandud'), ('admin1', 'Badakhshan'), ('admin2', ''), ('cc', 'AF')])]"
421,35.887457,72.93821,"[OrderedDict([('lat', '35.29169'), ('lon', '73.2906'), ('name', 'Dasu'), ('admin1', 'Khyber Pakhtunkhwa'), ('admin2', ''), ('cc', 'PK')])]"
422,35.470593,73.50403,"[OrderedDict([('lat', '35.29169'), ('lon', '73.2906'), ('name', 'Dasu'), ('admin1', 'Khyber Pakhtunkhwa'), ('admin2', ''), ('cc', 'PK')])]"
423,35.008565,74.119157,"[OrderedDict([('lat', '35.41172'), ('lon', '74.10352'), ('name', 'Chilas'), ('admin1', 'Gilgit-Baltistan'), ('admin2', ''), ('cc', 'PK')])]"
424,34.585455,74.671883,"[OrderedDict([('lat', '34.41728'), ('lon', '74.64308'), ('name', 'Bandipura'), ('admin1', 'Kashmir'), ('admin2', 'Bandipore'), ('cc', 'IN')])]"
425,34.116737,75.272892,"[OrderedDict([('lat', '34.01418'), ('lon', '75.31899'), ('name', 'Pahalgam'), ('admin1', 'Kashmir'), ('admin2', 'Anantnag'), ('cc', 'IN')])]"
426,33.687716,75.813044,"[OrderedDict([('lat', '33.31346'), ('lon', '75.76726'), ('name', 'Kishtwar'), ('admin1', 'Kashmir'), ('admin2', 'Kishtwar'), ('cc', 'IN')])]"
427,33.212673,76.400502,"[OrderedDict([('lat', '33.46659'), ('lon', '76.88488'), ('name', 'Padam'), ('admin1', 'Kashmir'), ('admin2', 'Kargil'), ('cc', 'IN')])]"
428,32.778057,76.928591,"[OrderedDict([('lat', '32.5717'), ('lon', '77.02448'), ('name', 'Kyelang'), ('admin1', 'Himachal Pradesh'), ('admin2', 'Lahul and Spiti'), ('cc', 'IN')])]"
429,32.297028,77.503058,"[OrderedDict([('lat', '32.2574'), ('lon', '77.17481'), ('name', 'Manali'), ('admin1', 'Himachal Pradesh'), ('admin2', 'Kulu'), ('cc', 'IN')])]"
430,31.857116,78.019591,"[OrderedDict([('lat', '31.50988'), ('lon', '77.79395'), ('name', 'Sarahan'), ('admin1', 'Himachal Pradesh'), ('admin2', 'Shimla'), ('cc', 'IN')])]"
431,31.370427,78.581627,"[OrderedDict([('lat', '31.7'), ('lon', '78.8'), ('name', 'Diyag'), ('admin1', 'Tibet Autonomous Region'), ('admin2', ''), ('cc', 'CN')])]"
432,30.925515,79.087102,"[OrderedDict([('lat', '30.55588'), ('lon', '79.56655'), ('name', 'Joshimath'), ('admin1', 'Uttarakhand'), ('admin2', 'Chamoli'), ('cc', 'IN')])]"
433,30.433475,79.637253,"[OrderedDict([('lat', '30.55588'), ('lon', '79.56655'), ('name', 'Joshimath'), ('admin1', 'Uttarakhand'), ('admin2', 'Chamoli'), ('cc', 'IN')])]"
434,29.983834,80.132169,"[OrderedDict([('lat', '29.8376'), ('lon', '79.7714'), ('name', 'Bageshwar'), ('admin1', 'Uttarakhand'), ('admin2', 'Bageshwar'), ('cc', 'IN')])]"
435,29.486743,80.670961,"[OrderedDict([('lat', '29.29842'), ('lon', '80.58059'), ('name', 'Dadeldhura'), ('admin1', 'Far Western'), ('admin2', ''), ('cc', 'NP')])]"
436,29.032638,81.155802,"[OrderedDict([('lat', '29.05'), ('lon', '81.3'), ('name', 'Achham'), ('admin1', 'Far Western'), ('admin2', 'Seti Zone'), ('cc', 'NP')])]"
437,28.530774,81.683776,"[OrderedDict([('lat', '28.60194'), ('lon', '81.63389'), ('name', 'Birendranagar'), ('admin1', 'Mid Western'), ('admin2', ''), ('cc', 'NP')])]"
438,28.072457,82.159007,"[OrderedDict([('lat', '28.13099'), ('lon', '82.29726'), ('name', 'Tulsipur'), ('admin1', 'Mid Western'), ('admin2', ''), ('cc', 'NP')])]"
439,27.566092,82.676667,"[OrderedDict([('lat', '27.51234'), ('lon', '82.64297'), ('name', 'Pachperwa'), ('admin1', 'Uttar Pradesh'), ('admin2', 'Balrampur'), ('cc', 'IN')])]"
440,27.103803,83.142752,"[OrderedDict([('lat', '27.10062'), ('lon', '83.27156'), ('name', 'Anandnagar'), ('admin1', 'Uttar Pradesh'), ('admin2', 'Maharajganj'), ('cc', 'IN')])]"
441,26.593195,83.650611,"[OrderedDict([('lat', '26.44335'), ('lon', '83.61238'), ('name', 'Rudarpur'), ('admin1', 'Uttar Pradesh'), ('admin2', 'Deoria'), ('cc', 'IN')])]"
442,26.127159,84.108008,"[OrderedDict([('lat', '26.04306'), ('lon', '84.05426'), ('name', 'Sikandarpur'), ('admin1', 'Uttar Pradesh'), ('admin2', 'Ballia'), ('cc', 'IN')])]"
443,25.659419,84.561423,"[OrderedDict([('lat', '25.56314'), ('lon', '84.67137'), ('name', 'Ara'), ('admin1', 'Bihar'), ('admin2', 'Bhojpur'), ('cc', 'IN')])]"
444,25.142994,85.05569,"[OrderedDict([('lat', '25.21398'), ('lon', '84.98772'), ('name', 'Jahanabad'), ('admin1', 'Bihar'), ('admin2', 'Jehanabad'), ('cc', 'IN')])]"
445,24.671827,85.501059,"[OrderedDict([('lat', '24.8351'), ('lon', '85.41794'), ('name', 'Hisua'), ('admin1', 'Bihar'), ('admin2', 'Nawada'), ('cc', 'IN')])]"
446,24.151747,85.98672,"[OrderedDict([('lat', '24.17543'), ('lon', '85.89077'), ('name', 'Barki Saria'), ('admin1', 'Jharkhand'), ('admin2', 'Giridih'), ('cc', 'IN')])]"
447,23.67736,86.424467,"[OrderedDict([('lat', '23.6658'), ('lon', '86.43166'), ('name', 'Pathardih'), ('admin1', 'Jharkhand'), ('admin2', 'Dhanbad'), ('cc', 'IN')])]"
448,23.153844,86.901972,"[OrderedDict([('lat', '22.97617'), ('lon', '86.85462'), ('name', 'Khatra'), ('admin1', 'West Bengal'), ('admin2', 'Bankura'), ('cc', 'IN')])]"
449,22.676433,87.332513,"[OrderedDict([('lat', '22.84616'), ('lon', '87.33559'), ('name', 'Amlagora'), ('admin1', 'West Bengal'), ('admin2', 'Paschim Medinipur'), ('cc', 'IN')])]"
450,22.149694,87.802307,"[OrderedDict([('lat', '22.18616'), ('lon', '87.98072'), ('name', 'Mahishadal'), ('admin1', 'West Bengal'), ('admin2', 'Purba Medinipur'), ('cc', 'IN')])]"
451,21.669443,88.226045,"[OrderedDict([('lat', '21.9'), ('lon', '88.4'), ('name', 'Kultali'), ('admin1', 'West Bengal'), ('admin2', 'South 24 Paraganas'), ('cc', 'IN')])]"
452,21.139681,88.688572,"[OrderedDict([('lat', '21.9'), ('lon', '88.4'), ('name', 'Kultali'), ('admin1', 'West Bengal'), ('admin2', 'South 24 Paraganas'), ('cc', 'IN')])]"
453,20.656773,89.10589,"[OrderedDict([('lat', '21.9'), ('lon', '88.4'), ('name', 'Kultali'), ('admin1', 'West Bengal'), ('admin2', 'South 24 Paraganas'), ('cc', 'IN')])]"
454,20.124183,89.561573,"[OrderedDict([('lat', '21.9'), ('lon', '88.4'), ('name', 'Kultali'), ('admin1', 'West Bengal'), ('admin2', 'South 24 Paraganas'), ('cc', 'IN')])]"
455,19.638788,89.972859,"[OrderedDict([('lat', '20.86382'), ('lon', '92.30153'), ('name', 'Teknaf'), ('admin1', 'Chittagong'), ('admin2', ''), ('cc', 'BD')])]"
456,19.103556,90.422108,"[OrderedDict([('lat', '20.86382'), ('lon', '92.30153'), ('name', 'Teknaf'), ('admin1', 'Chittagong'), ('admin2', ''), ('cc', 'BD')])]"
457,18.615841,90.827733,"[OrderedDict([('lat', '20.14624'), ('lon', '92.89835'), ('name', 'Sittwe'), ('admin1', 'Rakhine'), ('admin2', ''), ('cc', 'MM')])]"
458,18.078145,91.27095,"[OrderedDict([('lat', '20.14624'), ('lon', '92.89835'), ('name', 'Sittwe'), ('admin1', 'Rakhine'), ('admin2', ''), ('cc', 'MM')])]"
459,17.588268,91.671275,"[OrderedDict([('lat', '20.14624'), ('lon', '92.89835'), ('name', 'Sittwe'), ('admin1', 'Rakhine'), ('admin2', ''), ('cc', 'MM')])]"
460,17.097417,92.069195,"[OrderedDict([('lat', '16.77919'), ('lon', '94.73212'), ('name', 'Pathein'), ('admin1', 'Ayeyarwady'), ('admin2', ''), ('cc', 'MM')])]"
461,16.556396,92.50423,"[OrderedDict([('lat', '16.77919'), ('lon', '94.73212'), ('name', 'Pathein'), ('admin1', 'Ayeyarwady'), ('admin2', ''), ('cc', 'MM')])]"
462,16.014282,92.93656,"[OrderedDict([('lat', '16.77919'), ('lon', '94.73212'), ('name', 'Pathein'), ('admin1', 'Ayeyarwady'), ('admin2', ''), ('cc', 'MM')])]"
463,15.520539,93.327329,"[OrderedDict([('lat', '16.77919'), ('lon', '94.73212'), ('name', 'Pathein'), ('admin1', 'Ayeyarwady'), ('admin2', ''), ('cc', 'MM')])]"
464,14.976458,93.754783,"[OrderedDict([('lat', '16.77919'), ('lon', '94.73212'), ('name', 'Pathein'), ('admin1', 'Ayeyarwady'), ('admin2', ''), ('cc', 'MM')])]"
465,14.481,94.141283,"[OrderedDict([('lat', '16.3772'), ('lon', '95.26488'), ('name', 'Mawlamyinegyunn'), ('admin1', 'Ayeyarwady'), ('admin2', ''), ('cc', 'MM')])]"
466,13.935109,94.564215,"[OrderedDict([('lat', '16.29415'), ('lon', '95.39742'), ('name', 'Bogale'), ('admin1', 'Ayeyarwady'), ('admin2', ''), ('cc', 'MM')])]"
467,13.438073,94.946774,"[OrderedDict([('lat', '11.66667'), ('lon', '92.75'), ('name', 'Port Blair'), ('admin1', 'Andaman and Nicobar Islands'), ('admin2', 'South Andaman'), ('cc', 'IN')])]"
468,12.890521,95.365546,"[OrderedDict([('lat', '11.66667'), ('lon', '92.75'), ('name', 'Port Blair'), ('admin1', 'Andaman and Nicobar Islands'), ('admin2', 'South Andaman'), ('cc', 'IN')])]"
469,12.392042,95.744485,"[OrderedDict([('lat', '12.43954'), ('lon', '98.60028'), ('name', 'Myeik'), ('admin1', 'Tanintharyi'), ('admin2', ''), ('cc', 'MM')])]"
470,11.842975,96.159453,"[OrderedDict([('lat', '12.43954'), ('lon', '98.60028'), ('name', 'Myeik'), ('admin1', 'Tanintharyi'), ('admin2', ''), ('cc', 'MM')])]"
471,11.343184,96.53508,"[OrderedDict([('lat', '12.43954'), ('lon', '98.60028'), ('name', 'Myeik'), ('admin1', 'Tanintharyi'), ('admin2', ''), ('cc', 'MM')])]"
472,10.792744,96.946578,"[OrderedDict([('lat', '10.40429'), ('lon', '98.77266'), ('name', 'Kra Buri'), ('admin1', 'Ranong'), ('admin2', ''), ('cc', 'TH')])]"
473,10.291767,97.319213,"[OrderedDict([('lat', '9.96583'), ('lon', '98.63476'), ('name', 'Ranong'), ('admin1', 'Ranong'), ('admin2', ''), ('cc', 'TH')])]"
474,9.740091,97.727576,"[OrderedDict([('lat', '9.34458'), ('lon', '98.42903'), ('name', 'Suk Samran'), ('admin1', 'Ranong'), ('admin2', ''), ('cc', 'TH')])]"
475,9.238054,98.097513,"[OrderedDict([('lat', '9.19397'), ('lon', '98.41514'), ('name', 'Khura Buri'), ('admin1', 'Phangnga'), ('admin2', ''), ('cc', 'TH')])]"
476,8.685278,98.503083,"[OrderedDict([('lat', '8.69697'), ('lon', '98.40914'), ('name', 'Kapong'), ('admin1', 'Phangnga'), ('admin2', ''), ('cc', 'TH')])]"
477,8.182299,98.870615,"[OrderedDict([('lat', '8.07257'), ('lon', '98.91052'), ('name', 'Krabi'), ('admin1', 'Krabi'), ('admin2', ''), ('cc', 'TH')])]"
478,7.628555,99.273706,"[OrderedDict([('lat', '7.57158'), ('lon', '99.34494'), ('name', 'Sikao'), ('admin1', 'Trang'), ('admin2', ''), ('cc', 'TH')])]"
479,7.124756,99.639134,"[OrderedDict([('lat', '7.17237'), ('lon', '99.68624'), ('name', 'Palian'), ('admin1', 'Trang'), ('admin2', ''), ('cc', 'TH')])]"
480,6.570172,100.040066,"[OrderedDict([('lat', '6.62314'), ('lon', '100.06676'), ('name', 'Satun'), ('admin1', 'Satun'), ('admin2', ''), ('cc', 'TH')])]"
481,6.065668,100.403678,"[OrderedDict([('lat', '6.12104'), ('lon', '100.36014'), ('name', 'Alor Setar'), ('admin1', 'Kedah'), ('admin2', ''), ('cc', 'MY')])]"
482,5.510373,100.802773,"[OrderedDict([('lat', '5.36499'), ('lon', '100.56177'), ('name', 'Kulim'), ('admin1', 'Kedah'), ('admin2', ''), ('cc', 'MY')])]"
483,5.005278,101.164855,"[OrderedDict([('lat', '4.76667'), ('lon', '100.93333'), ('name', 'Kuala Kangsar'), ('admin1', 'Perak'), ('admin2', ''), ('cc', 'MY')])]"
484,4.449396,101.56242,"[OrderedDict([('lat', '4.46361'), ('lon', '101.3763'), ('name', 'Tanah Rata'), ('admin1', 'Pahang'), ('admin2', 'Cameron Highlands'), ('cc', 'MY')])]"
485,3.943824,101.923259,"[OrderedDict([('lat', '3.7899'), ('lon', '101.857'), ('name', 'Raub'), ('admin1', 'Pahang'), ('admin2', ''), ('cc', 'MY')])]"
486,3.387479,102.319601,"[OrderedDict([('lat', '3.4854'), ('lon', '102.3484'), ('name', 'Mentekab'), ('admin1', 'Pahang'), ('admin2', ''), ('cc', 'MY')])]"
487,2.881543,102.67947,"[OrderedDict([('lat', '2.8079'), ('lon', '102.4049'), ('name', 'Bahau'), ('admin1', 'Negeri Sembilan'), ('admin2', ''), ('cc', 'MY')])]"
488,2.324857,103.074904,"[OrderedDict([('lat', '2.249'), ('lon', '103.048'), ('name', 'Chaah'), ('admin1', 'Johor'), ('admin2', ''), ('cc', 'MY')])]"
489,1.818666,103.434083,"[OrderedDict([('lat', '1.8278'), ('lon', '103.3'), ('name', 'Kampung Simpang Renggam'), ('admin1', 'Johor'), ('admin2', ''), ('cc', 'MY')])]"
490,1.261761,103.828909,"[OrderedDict([('lat', '1.28967'), ('lon', '103.85007'), ('name', 'Singapore'), ('admin1', ''), ('admin2', ''), ('cc', 'SG')])]"
491,0.755426,104.187678,"[OrderedDict([('lat', '0.91667'), ('lon', '104.45'), ('name', 'Tanjungpinang'), ('admin1', 'Riau Islands'), ('admin2', ''), ('cc', 'ID')])]"
492,0.198423,104.582204,"[OrderedDict([('lat', '-0.21451'), ('lon', '104.61824'), ('name', 'Daik'), ('admin1', 'Riau Islands'), ('admin2', ''), ('cc', 'ID')])]"
493,-0.307947,104.940836,"[OrderedDict([('lat', '-0.21451'), ('lon', '104.61824'), ('name', 'Daik'), ('admin1', 'Riau Islands'), ('admin2', ''), ('cc', 'ID')])]"
494,-0.864927,105.335369,"[OrderedDict([('lat', '-0.4935'), ('lon', '104.56216'), ('name', 'Dabo'), ('admin1', 'Riau Islands'), ('admin2', ''), ('cc', 'ID')])]"
495,-1.371222,105.694138,"[OrderedDict([('lat', '-1.72806'), ('lon', '105.45325'), ('name', 'Mislak'), ('admin1', 'Bangka-Belitung Islands'), ('admin2', ''), ('cc', 'ID')])]"
496,-1.92806,106.088978,"[OrderedDict([('lat', '-1.85442'), ('lon', '106.12215'), ('name', 'Sungailiat'), ('admin1', 'Bangka-Belitung Islands'), ('admin2', ''), ('cc', 'ID')])]"
